No,日本語名,マス数,必要SP,レアリティ,カテゴリ,シーズン,マス配列,イラスト画像,URL_イラスト画像
1,ヒーローシューター,12,5,フレッシュ,メインウェポン,2022秋,"[[0, 0, 0, 0, 0, 0, 0, 0], [0, 0, 0, 0, 0, 0, 0, 0], [0, 1, 1, 1, 1, 1, 0, 0], [0, 1, 1, 1, 2, 1, 0, 0], [0, 0, 1, 0, 0, 0, 0, 0], [0, 1, 0, 0, 0, 0, 0, 0], [0, 0, 0, 0, 0, 0, 0, 0], [0, 0, 0, 0, 0, 0, 0, 0]]",,https://drive.google.com/uc?export=view&id=1HCVHzoQyf9jTgX6_ACVNvHuHh4YXRp9f
2,ボールドマーカー,9,4,コモン,メインウェポン,2022秋,"[[0, 0, 0, 0, 0, 0, 0, 0], [0, 0, 0, 0, 0, 0, 0, 0], [0, 0, 1, 2, 0, 1, 0, 0], [0, 0, 1, 1, 1, 1, 0, 0], [0, 0, 0, 1, 0, 1, 0, 0], [0, 0, 0, 0, 0, 0, 0, 0], [0, 0, 0, 0, 0, 0, 0, 0], [0, 0, 0, 0, 0, 0, 0, 0]]",,https://drive.google.com/uc?export=view&id=1LGbAB3tkGzpSCS8LanW7YqWOp_Gen_n4
3,わかばシューター,4,2,コモン,メインウェポン,2022秋,"[[0, 0, 0, 0, 0, 0, 0, 0], [0, 0, 0, 0, 0, 0, 0, 0], [0, 0, 0, 0, 0, 0, 0, 0], [0, 0, 1, 2, 1, 0, 0, 0], [0, 0, 1, 0, 0, 0, 0, 0], [0, 0, 0, 0, 0, 0, 0, 0], [0, 0, 0, 0, 0, 0, 0, 0], [0, 0, 0, 0, 0, 0, 0, 0]]",,https://drive.google.com/uc?export=view&id=1Rb3APuUE5iEXEItSENQFioq-ALEAK0qL
4,シャープマーカー,7,3,コモン,メインウェポン,2022秋,"[[0, 0, 0, 0, 0, 0, 0, 0], [0, 0, 0, 0, 0, 0, 0, 0], [0, 0, 0, 0, 1, 0, 0, 0], [0, 0, 1, 1, 1, 2, 0, 0], [0, 0, 0, 1, 1, 0, 0, 0], [0, 0, 0, 0, 0, 0, 0, 0], [0, 0, 0, 0, 0, 0, 0, 0], [0, 0, 0, 0, 0, 0, 0, 0]]",,https://drive.google.com/uc?export=view&id=1HcVmnw5bz6-oBMRyCs-AMk5zBDh-vs1S
5,プロモデラーMG,7,3,コモン,メインウェポン,2022秋,"[[0, 0, 0, 0, 0, 0, 0, 0], [0, 0, 0, 0, 0, 0, 0, 0], [0, 0, 1, 2, 0, 0, 0, 0], [0, 0, 1, 1, 1, 1, 0, 0], [0, 0, 0, 1, 0, 0, 0, 0], [0, 0, 0, 0, 0, 0, 0, 0], [0, 0, 0, 0, 0, 0, 0, 0], [0, 0, 0, 0, 0, 0, 0, 0]]",,https://drive.google.com/uc?export=view&id=1gIUrhe9JdzeEtxUwjSST5waIXQakPT9p
6,スプラシューター,8,3,コモン,メインウェポン,2022秋,"[[0, 0, 0, 0, 0, 0, 0, 0], [0, 0, 0, 0, 0, 0, 0, 0], [0, 0, 1, 1, 2, 0, 0, 0], [0, 0, 1, 1, 1, 1, 0, 0], [0, 0, 1, 0, 0, 0, 0, 0], [0, 0, 0, 0, 0, 0, 0, 0], [0, 0, 0, 0, 0, 0, 0, 0], [0, 0, 0, 0, 0, 0, 0, 0]]",,https://drive.google.com/uc?export=view&id=1LMmAgrZ7JKFWLdEQ0QsqJUBV9_RopbCA
7,.52ガロン,7,3,コモン,メインウェポン,2022秋,"[[0, 0, 0, 0, 0, 0, 0, 0], [0, 0, 0, 0, 0, 0, 0, 0], [0, 0, 1, 1, 1, 2, 0, 0], [0, 0, 0, 1, 1, 0, 0, 0], [0, 0, 1, 0, 0, 0, 0, 0], [0, 0, 0, 0, 0, 0, 0, 0], [0, 0, 0, 0, 0, 0, 0, 0], [0, 0, 0, 0, 0, 0, 0, 0]]",,https://drive.google.com/uc?export=view&id=1B6o9TQk0KdtR4zeShDY97U-QekjjhjaR
8,N-ZAP85,5,2,コモン,メインウェポン,2022秋,"[[0, 0, 0, 0, 0, 0, 0, 0], [0, 0, 0, 0, 0, 0, 0, 0], [0, 0, 0, 0, 0, 0, 0, 0], [0, 0, 1, 1, 2, 1, 0, 0], [0, 0, 1, 0, 0, 0, 0, 0], [0, 0, 0, 0, 0, 0, 0, 0], [0, 0, 0, 0, 0, 0, 0, 0], [0, 0, 0, 0, 0, 0, 0, 0]]",,https://drive.google.com/uc?export=view&id=1XCqHHRcZBIyB4Hp5D0lduEOUgIz11JhH
9,プライムシューター,9,4,コモン,メインウェポン,2022秋,"[[0, 0, 0, 0, 0, 0, 0, 0], [0, 0, 0, 0, 0, 0, 0, 0], [0, 0, 0, 0, 1, 2, 0, 0], [0, 1, 1, 1, 1, 1, 1, 0], [0, 0, 0, 1, 0, 0, 0, 0], [0, 0, 0, 0, 0, 0, 0, 0], [0, 0, 0, 0, 0, 0, 0, 0], [0, 0, 0, 0, 0, 0, 0, 0]]",,https://drive.google.com/uc?export=view&id=11KED6Ek8xPCrb4rjO3Mx_e6VH-BZdD24
10,.96ガロン,10,4,コモン,メインウェポン,2022秋,"[[0, 0, 0, 0, 0, 0, 0, 0], [0, 0, 0, 0, 0, 0, 0, 0], [0, 1, 1, 1, 1, 1, 2, 0], [0, 0, 1, 1, 1, 0, 0, 0], [0, 1, 0, 0, 0, 0, 0, 0], [0, 0, 0, 0, 0, 0, 0, 0], [0, 0, 0, 0, 0, 0, 0, 0], [0, 0, 0, 0, 0, 0, 0, 0]]",,https://drive.google.com/uc?export=view&id=1_lMwBgoQPs4wj2-iIJ2Qwl8vNmngkALJ
11,ジェットスイーパー,10,4,コモン,メインウェポン,2022秋,"[[0, 0, 0, 0, 0, 0, 0, 0], [0, 0, 0, 0, 0, 0, 0, 0], [0, 1, 2, 1, 1, 1, 1, 0], [0, 1, 0, 0, 0, 0, 0, 0], [0, 1, 1, 1, 0, 0, 0, 0], [0, 0, 0, 0, 0, 0, 0, 0], [0, 0, 0, 0, 0, 0, 0, 0], [0, 0, 0, 0, 0, 0, 0, 0]]",,https://drive.google.com/uc?export=view&id=1jLbhn8PinJ5SPaAZtYmSMgo6cvkbQso8
12,ノヴァブラスター,7,3,コモン,メインウェポン,2022秋,"[[0, 0, 0, 0, 0, 0, 0, 0], [0, 0, 0, 0, 0, 0, 0, 0], [0, 0, 0, 0, 0, 2, 0, 0], [0, 0, 1, 1, 1, 0, 0, 0], [0, 0, 0, 1, 1, 0, 0, 0], [0, 0, 0, 1, 0, 0, 0, 0], [0, 0, 0, 0, 0, 0, 0, 0], [0, 0, 0, 0, 0, 0, 0, 0]]",,https://drive.google.com/uc?export=view&id=1Hr264icJafOqIYr5R1kydbh-U11VH-2y
13,ホットブラスター,8,3,コモン,メインウェポン,2022秋,"[[0, 0, 0, 0, 0, 0, 0, 0], [0, 0, 0, 0, 0, 0, 0, 0], [0, 1, 0, 0, 1, 2, 0, 0], [0, 0, 1, 1, 1, 1, 0, 0], [0, 0, 1, 0, 0, 0, 0, 0], [0, 0, 0, 0, 0, 0, 0, 0], [0, 0, 0, 0, 0, 0, 0, 0], [0, 0, 0, 0, 0, 0, 0, 0]]",,https://drive.google.com/uc?export=view&id=1qPTL1N3ArEPTCMvQkQvXJResSR-ndN5Z
14,ロングブラスター,9,4,コモン,メインウェポン,2022秋,"[[0, 0, 0, 0, 0, 0, 0, 0], [0, 0, 0, 0, 0, 0, 0, 0], [0, 1, 0, 0, 0, 1, 2, 0], [0, 0, 1, 1, 1, 1, 1, 0], [0, 0, 1, 0, 0, 0, 0, 0], [0, 0, 0, 0, 0, 0, 0, 0], [0, 0, 0, 0, 0, 0, 0, 0], [0, 0, 0, 0, 0, 0, 0, 0]]",,https://drive.google.com/uc?export=view&id=1GJgiXnyDauiFJjcTRonu-a9db9T6MyL8
15,クラッシュブラスター,8,3,コモン,メインウェポン,2022秋,"[[0, 0, 0, 0, 0, 0, 0, 0], [0, 0, 0, 0, 0, 0, 0, 0], [0, 0, 0, 1, 1, 1, 0, 0], [0, 0, 1, 1, 1, 2, 0, 0], [0, 0, 1, 0, 0, 0, 0, 0], [0, 0, 0, 0, 0, 0, 0, 0], [0, 0, 0, 0, 0, 0, 0, 0], [0, 0, 0, 0, 0, 0, 0, 0]]",,https://drive.google.com/uc?export=view&id=1bidL2IffJFgmu4rLXpipkjmdfUvQUlGY
16,ラピッドブラスター,8,3,コモン,メインウェポン,2022秋,"[[0, 0, 0, 0, 0, 0, 0, 0], [0, 0, 0, 0, 0, 0, 0, 0], [0, 0, 1, 1, 2, 1, 0, 0], [0, 0, 1, 1, 1, 0, 0, 0], [0, 0, 1, 0, 0, 0, 0, 0], [0, 0, 0, 0, 0, 0, 0, 0], [0, 0, 0, 0, 0, 0, 0, 0], [0, 0, 0, 0, 0, 0, 0, 0]]",,https://drive.google.com/uc?export=view&id=15R0J8brT51npi3vYIFEzhKTXY_JWHd6J
17,Rブラスターエリート,9,4,コモン,メインウェポン,2022秋,"[[0, 0, 0, 0, 0, 0, 0, 0], [0, 0, 0, 0, 0, 0, 0, 0], [0, 1, 1, 1, 1, 1, 0, 0], [0, 1, 1, 2, 0, 0, 0, 0], [0, 1, 0, 0, 0, 0, 0, 0], [0, 0, 0, 0, 0, 0, 0, 0], [0, 0, 0, 0, 0, 0, 0, 0], [0, 0, 0, 0, 0, 0, 0, 0]]",,https://drive.google.com/uc?export=view&id=1WFaj4eSGDpchbehbGYcyyPzix-YxoePJ
18,L3リールガン,7,3,コモン,メインウェポン,2022秋,"[[0, 0, 0, 0, 0, 0, 0, 0], [0, 0, 0, 0, 0, 0, 0, 0], [0, 0, 1, 2, 1, 1, 0, 0], [0, 0, 1, 1, 0, 0, 0, 0], [0, 0, 1, 0, 0, 0, 0, 0], [0, 0, 0, 0, 0, 0, 0, 0], [0, 0, 0, 0, 0, 0, 0, 0], [0, 0, 0, 0, 0, 0, 0, 0]]",,https://drive.google.com/uc?export=view&id=1vwGMmBGFhEWicAMrnpV7dePxDcuI5GDq
19,H3リールガン,8,3,コモン,メインウェポン,2022秋,"[[0, 0, 0, 0, 0, 0, 0, 0], [0, 0, 0, 0, 0, 0, 0, 0], [0, 1, 1, 1, 2, 1, 0, 0], [0, 1, 1, 0, 0, 0, 0, 0], [0, 1, 0, 0, 0, 0, 0, 0], [0, 0, 0, 0, 0, 0, 0, 0], [0, 0, 0, 0, 0, 0, 0, 0], [0, 0, 0, 0, 0, 0, 0, 0]]",,https://drive.google.com/uc?export=view&id=1-W_5kVj23tKYcivmw15bUdOVffhfF-O9
20,ボトルガイザー,7,3,コモン,メインウェポン,2022秋,"[[0, 0, 0, 0, 0, 0, 0, 0], [0, 0, 0, 0, 0, 2, 0, 0], [0, 0, 0, 0, 1, 0, 0, 0], [0, 0, 1, 1, 0, 0, 0, 0], [0, 0, 1, 1, 0, 0, 0, 0], [0, 0, 1, 0, 0, 0, 0, 0], [0, 0, 0, 0, 0, 0, 0, 0], [0, 0, 0, 0, 0, 0, 0, 0]]",,https://drive.google.com/uc?export=view&id=18QmWOEV92gIsJdx_7QAuUxnu8NTwE3Tq
21,カーボンローラー,7,3,コモン,メインウェポン,2022秋,"[[0, 0, 0, 0, 0, 0, 0, 0], [0, 0, 0, 0, 0, 0, 0, 0], [0, 0, 1, 1, 1, 1, 0, 0], [0, 0, 0, 1, 2, 0, 0, 0], [0, 0, 0, 0, 1, 0, 0, 0], [0, 0, 0, 0, 0, 0, 0, 0], [0, 0, 0, 0, 0, 0, 0, 0], [0, 0, 0, 0, 0, 0, 0, 0]]",,https://drive.google.com/uc?export=view&id=1PtJade0szltpJS1zmXIH7t2Q9NQknQTA
22,スプラローラー,9,4,コモン,メインウェポン,2022秋,"[[0, 0, 0, 0, 0, 0, 0, 0], [0, 0, 0, 0, 0, 0, 0, 0], [0, 1, 1, 2, 1, 1, 0, 0], [0, 0, 0, 1, 1, 1, 0, 0], [0, 0, 0, 1, 0, 0, 0, 0], [0, 0, 0, 0, 0, 0, 0, 0], [0, 0, 0, 0, 0, 0, 0, 0], [0, 0, 0, 0, 0, 0, 0, 0]]",,https://drive.google.com/uc?export=view&id=1Jd8_d3khaexzwGd2KlD91QDr1Z5PU6KG
23,ダイナモローラー,13,5,コモン,メインウェポン,2022秋,"[[0, 0, 0, 0, 0, 0, 0, 0], [0, 0, 0, 0, 0, 0, 0, 0], [1, 1, 1, 1, 1, 1, 1, 0], [0, 0, 0, 2, 1, 1, 1, 0], [0, 0, 0, 1, 0, 0, 0, 0], [0, 0, 0, 1, 0, 0, 0, 0], [0, 0, 0, 0, 0, 0, 0, 0], [0, 0, 0, 0, 0, 0, 0, 0]]",,https://drive.google.com/uc?export=view&id=1Mr3KPi0u_awBy6bckoCRLt0KEnwks7TX
24,ヴァリアブルローラー,10,4,コモン,メインウェポン,2022秋,"[[0, 0, 0, 0, 0, 0, 0, 0], [0, 0, 0, 0, 0, 0, 0, 0], [0, 1, 1, 2, 1, 1, 0, 0], [0, 0, 0, 1, 1, 0, 0, 0], [0, 0, 0, 1, 1, 0, 0, 0], [0, 0, 0, 1, 0, 0, 0, 0], [0, 0, 0, 0, 0, 0, 0, 0], [0, 0, 0, 0, 0, 0, 0, 0]]",,https://drive.google.com/uc?export=view&id=1DG5XYMaaYVn3iVfvkaE3A62cJJDkI85T
25,パブロ,7,3,コモン,メインウェポン,2022秋,"[[0, 0, 0, 0, 0, 0, 0, 0], [0, 0, 0, 0, 2, 1, 0, 0], [0, 0, 0, 0, 1, 1, 0, 0], [0, 0, 0, 1, 0, 0, 0, 0], [0, 0, 1, 0, 0, 0, 0, 0], [0, 1, 0, 0, 0, 0, 0, 0], [0, 0, 0, 0, 0, 0, 0, 0], [0, 0, 0, 0, 0, 0, 0, 0]]",,https://drive.google.com/uc?export=view&id=1DHc4iwtT4WsDfi0Bfyao85nSsgPez26f
26,ホクサイ,9,4,コモン,メインウェポン,2022秋,"[[0, 0, 0, 0, 0, 0, 0, 0], [0, 0, 0, 0, 0, 1, 0, 0], [0, 0, 0, 0, 2, 1, 1, 0], [0, 0, 0, 0, 1, 1, 0, 0], [0, 0, 0, 1, 0, 0, 0, 0], [0, 0, 1, 0, 0, 0, 0, 0], [0, 1, 0, 0, 0, 0, 0, 0], [0, 0, 0, 0, 0, 0, 0, 0]]",,https://drive.google.com/uc?export=view&id=1lFHL-SoFLGdUUH5lSlHL643p8M8zXlxU
27,スクイックリンα,8,3,コモン,メインウェポン,2022秋,"[[0, 0, 0, 0, 0, 0, 0, 0], [0, 0, 0, 0, 0, 0, 0, 0], [0, 0, 0, 0, 0, 0, 0, 0], [0, 1, 1, 1, 1, 1, 1, 0], [0, 1, 2, 0, 0, 0, 0, 0], [0, 0, 0, 0, 0, 0, 0, 0], [0, 0, 0, 0, 0, 0, 0, 0], [0, 0, 0, 0, 0, 0, 0, 0]]",,https://drive.google.com/uc?export=view&id=1t5s9uU-7gm8vly_mVCZuyNu_wgwa6Yyz
28,スプラチャージャー,8,3,コモン,メインウェポン,2022秋,"[[0, 0, 0, 0, 0, 0, 0, 0], [0, 0, 0, 0, 0, 0, 0, 0], [0, 0, 0, 0, 0, 0, 0, 0], [1, 1, 1, 1, 1, 1, 1, 0], [0, 0, 2, 0, 0, 0, 0, 0], [0, 0, 0, 0, 0, 0, 0, 0], [0, 0, 0, 0, 0, 0, 0, 0], [0, 0, 0, 0, 0, 0, 0, 0]]",,https://drive.google.com/uc?export=view&id=1z7MlKfP6WAIojbbNO8XDq7TxI1U-_lyG
29,スプラスコープ,10,4,コモン,メインウェポン,2022秋,"[[0, 0, 0, 0, 0, 0, 0, 0], [0, 0, 0, 0, 0, 0, 0, 0], [0, 0, 1, 2, 0, 0, 0, 0], [1, 1, 1, 1, 1, 1, 1, 0], [0, 0, 1, 0, 0, 0, 0, 0], [0, 0, 0, 0, 0, 0, 0, 0], [0, 0, 0, 0, 0, 0, 0, 0], [0, 0, 0, 0, 0, 0, 0, 0]]",,https://drive.google.com/uc?export=view&id=12k_Yaw7QbcArMjiTKEACORU1l0Qp2d2v
30,リッター4K,11,4,コモン,メインウェポン,2022秋,"[[0, 0, 0, 0, 0, 0, 0, 0], [0, 0, 0, 0, 0, 0, 0, 0], [0, 0, 0, 0, 0, 0, 0, 0], [1, 1, 1, 1, 1, 1, 1, 0], [1, 1, 1, 0, 0, 2, 0, 0], [0, 0, 0, 0, 0, 0, 0, 0], [0, 0, 0, 0, 0, 0, 0, 0], [0, 0, 0, 0, 0, 0, 0, 0]]",,https://drive.google.com/uc?export=view&id=182CLy-Jy2hcpjmdXNdKiyjsfio88D1Cf
31,4Kスコープ,13,5,コモン,メインウェポン,2022秋,"[[0, 0, 0, 0, 0, 0, 0, 0], [0, 0, 0, 0, 0, 0, 0, 0], [0, 0, 0, 1, 2, 0, 0, 0], [1, 1, 1, 1, 1, 1, 1, 0], [1, 1, 1, 0, 0, 1, 0, 0], [0, 0, 0, 0, 0, 0, 0, 0], [0, 0, 0, 0, 0, 0, 0, 0], [0, 0, 0, 0, 0, 0, 0, 0]]",,https://drive.google.com/uc?export=view&id=1nG59io47IarvLoIAb63iTKtrf07hc9aV
32,14式竹筒銃・甲,7,3,コモン,メインウェポン,2022秋,"[[0, 0, 0, 0, 0, 0, 0, 0], [0, 0, 0, 0, 0, 0, 0, 0], [0, 0, 0, 0, 0, 0, 0, 0], [0, 1, 0, 0, 0, 1, 0, 0], [0, 1, 2, 1, 1, 1, 0, 0], [0, 0, 0, 0, 0, 0, 0, 0], [0, 0, 0, 0, 0, 0, 0, 0], [0, 0, 0, 0, 0, 0, 0, 0]]",,https://drive.google.com/uc?export=view&id=1LJLnDmPKjccknR5fsjXnsW0QakFUZj5R
33,ソイチューバー,11,4,コモン,メインウェポン,2022秋,"[[0, 0, 0, 0, 0, 0, 0, 0], [0, 0, 0, 0, 0, 0, 0, 0], [0, 1, 1, 1, 1, 1, 1, 0], [0, 1, 1, 2, 0, 1, 0, 0], [0, 0, 0, 0, 1, 0, 0, 0], [0, 0, 0, 0, 0, 0, 0, 0], [0, 0, 0, 0, 0, 0, 0, 0], [0, 0, 0, 0, 0, 0, 0, 0]]",,https://drive.google.com/uc?export=view&id=1hYB5iSJg3miqBRPNeX0AWDmniwOTgBs7
34,バケットスロッシャー,6,3,コモン,メインウェポン,2022秋,"[[0, 0, 0, 0, 0, 0, 0, 0], [0, 0, 0, 0, 0, 0, 0, 0], [0, 0, 1, 0, 0, 0, 0, 0], [0, 0, 0, 2, 1, 0, 0, 0], [0, 0, 1, 1, 1, 0, 0, 0], [0, 0, 0, 0, 0, 0, 0, 0], [0, 0, 0, 0, 0, 0, 0, 0], [0, 0, 0, 0, 0, 0, 0, 0]]",,https://drive.google.com/uc?export=view&id=1C4mUUzOvoTcvKeXhwdntFffGmhs9bvmv
35,ヒッセン,5,2,コモン,メインウェポン,2022秋,"[[0, 0, 0, 0, 0, 0, 0, 0], [0, 0, 0, 0, 0, 0, 0, 0], [0, 0, 0, 1, 0, 0, 0, 0], [0, 0, 0, 1, 2, 0, 0, 0], [0, 0, 0, 1, 1, 0, 0, 0], [0, 0, 0, 0, 0, 0, 0, 0], [0, 0, 0, 0, 0, 0, 0, 0], [0, 0, 0, 0, 0, 0, 0, 0]]",,https://drive.google.com/uc?export=view&id=1k2YErN_cgOIWz9lCptvxLVGJc-BDoYQh
36,スクリュースロッシャー,7,3,コモン,メインウェポン,2022秋,"[[0, 0, 0, 0, 0, 0, 0, 0], [0, 0, 0, 0, 0, 0, 0, 0], [0, 0, 1, 2, 1, 0, 0, 0], [0, 0, 0, 1, 1, 0, 0, 0], [0, 0, 0, 1, 1, 0, 0, 0], [0, 0, 0, 0, 0, 0, 0, 0], [0, 0, 0, 0, 0, 0, 0, 0], [0, 0, 0, 0, 0, 0, 0, 0]]",,https://drive.google.com/uc?export=view&id=1NkjGyZ8ewp7_LZ3_txRIjiV3uBeVvxru
37,オーバーフロッシャー,10,4,コモン,メインウェポン,2022秋,"[[0, 0, 0, 0, 0, 0, 0, 0], [0, 0, 0, 0, 0, 0, 0, 0], [0, 1, 0, 0, 0, 0, 0, 0], [0, 2, 1, 1, 1, 1, 0, 0], [0, 1, 1, 1, 1, 0, 0, 0], [0, 0, 0, 0, 0, 0, 0, 0], [0, 0, 0, 0, 0, 0, 0, 0], [0, 0, 0, 0, 0, 0, 0, 0]]",,https://drive.google.com/uc?export=view&id=19z9ugg6dA_irojkayb25xO9Muf5nbWve
38,エクスプロッシャー,11,4,コモン,メインウェポン,2022秋,"[[0, 0, 0, 0, 0, 0, 0, 0], [0, 0, 0, 0, 0, 0, 0, 0], [0, 1, 0, 0, 1, 0, 0, 0], [0, 1, 1, 1, 1, 0, 0, 0], [0, 1, 1, 1, 1, 2, 0, 0], [0, 0, 0, 0, 0, 0, 0, 0], [0, 0, 0, 0, 0, 0, 0, 0], [0, 0, 0, 0, 0, 0, 0, 0]]",,https://drive.google.com/uc?export=view&id=1UO2-rgc3-jZiSu31BPRWNn0FLSqJzY6v
39,スプラスピナー,7,3,コモン,メインウェポン,2022秋,"[[0, 0, 0, 0, 0, 0, 0, 0], [0, 0, 0, 0, 0, 0, 0, 0], [0, 0, 0, 0, 0, 0, 0, 0], [0, 1, 1, 1, 1, 2, 0, 0], [0, 1, 1, 0, 0, 0, 0, 0], [0, 0, 0, 0, 0, 0, 0, 0], [0, 0, 0, 0, 0, 0, 0, 0], [0, 0, 0, 0, 0, 0, 0, 0]]",,https://drive.google.com/uc?export=view&id=1FycFHILPEw7H6CCysgpN-6hkVHvrfMaq
40,バレルスピナー,12,5,コモン,メインウェポン,2022秋,"[[0, 0, 0, 0, 0, 0, 0, 0], [0, 1, 1, 0, 0, 0, 0, 0], [0, 1, 1, 0, 0, 0, 0, 0], [0, 1, 1, 0, 0, 0, 0, 0], [0, 0, 1, 1, 0, 0, 0, 0], [0, 0, 0, 1, 2, 0, 0, 0], [0, 0, 0, 0, 1, 1, 0, 0], [0, 0, 0, 0, 0, 0, 0, 0]]",,https://drive.google.com/uc?export=view&id=1hLeJFSguxbXsUC9_L8awnpKhTrDlKK8u
41,ハイドラント,13,5,コモン,メインウェポン,2022秋,"[[0, 0, 0, 0, 0, 0, 0, 0], [0, 0, 0, 0, 0, 0, 0, 0], [0, 1, 1, 0, 0, 0, 0, 0], [0, 1, 1, 0, 0, 0, 0, 0], [0, 1, 1, 1, 1, 1, 2, 0], [0, 0, 1, 1, 1, 0, 0, 0], [0, 0, 0, 0, 0, 0, 0, 0], [0, 0, 0, 0, 0, 0, 0, 0]]",,https://drive.google.com/uc?export=view&id=1WTcWlqyeLZMzXrHsocnHJVzxSdFgo0xI
42,クーゲルシュライバー,10,4,コモン,メインウェポン,2022秋,"[[0, 0, 0, 0, 0, 0, 0, 0], [0, 0, 0, 0, 0, 0, 0, 0], [0, 0, 1, 0, 0, 0, 0, 0], [0, 1, 1, 1, 1, 0, 0, 0], [0, 1, 1, 1, 2, 1, 0, 0], [0, 0, 0, 0, 0, 0, 0, 0], [0, 0, 0, 0, 0, 0, 0, 0], [0, 0, 0, 0, 0, 0, 0, 0]]",,https://drive.google.com/uc?export=view&id=1JtZldW2zL3PigiCWnvJcpXiStOGJUllj
43,ノーチラス47,9,4,コモン,メインウェポン,2022秋,"[[0, 0, 0, 0, 0, 0, 0, 0], [0, 0, 0, 0, 0, 0, 0, 0], [0, 1, 1, 0, 0, 0, 0, 0], [0, 1, 1, 0, 0, 0, 0, 0], [0, 1, 1, 1, 1, 2, 0, 0], [0, 0, 0, 0, 0, 0, 0, 0], [0, 0, 0, 0, 0, 0, 0, 0], [0, 0, 0, 0, 0, 0, 0, 0]]",,https://drive.google.com/uc?export=view&id=1XRpwsyZPqvwh0Pwc2xRBeSJBjzi9CRnh
44,スパッタリー,7,3,コモン,メインウェポン,2022秋,"[[0, 0, 0, 0, 0, 0, 0, 0], [0, 0, 0, 0, 0, 0, 0, 0], [0, 0, 1, 1, 1, 0, 0, 0], [0, 0, 1, 0, 2, 0, 0, 0], [0, 0, 0, 1, 1, 0, 0, 0], [0, 0, 0, 0, 0, 0, 0, 0], [0, 0, 0, 0, 0, 0, 0, 0], [0, 0, 0, 0, 0, 0, 0, 0]]",,https://drive.google.com/uc?export=view&id=19IM0MS0gsp9oQ4zaZfJgxlCT_tSdTF7E
45,スプラマニューバー,8,3,コモン,メインウェポン,2022秋,"[[0, 0, 0, 0, 0, 0, 0, 0], [0, 0, 0, 0, 0, 0, 0, 0], [0, 0, 1, 1, 1, 1, 0, 0], [0, 0, 1, 2, 0, 0, 0, 0], [0, 1, 1, 0, 0, 0, 0, 0], [0, 0, 0, 0, 0, 0, 0, 0], [0, 0, 0, 0, 0, 0, 0, 0], [0, 0, 0, 0, 0, 0, 0, 0]]",,https://drive.google.com/uc?export=view&id=12aF_f1Ll5nGAVUm6LTAoS1dqLtKpxhq_
46,ケルビン525,9,4,コモン,メインウェポン,2022秋,"[[0, 0, 0, 0, 0, 0, 0, 0], [0, 0, 0, 0, 0, 0, 0, 0], [0, 0, 0, 0, 1, 0, 0, 0], [0, 0, 1, 1, 1, 2, 0, 0], [0, 0, 0, 1, 1, 0, 0, 0], [0, 0, 0, 1, 1, 0, 0, 0], [0, 0, 0, 0, 0, 0, 0, 0], [0, 0, 0, 0, 0, 0, 0, 0]]",,https://drive.google.com/uc?export=view&id=1Rgng1r3UWCdWtlXNUFJfbv5TgAwb4Tti
47,デュアルスイーパー,10,4,コモン,メインウェポン,2022秋,"[[0, 0, 0, 0, 0, 0, 0, 0], [0, 0, 0, 0, 0, 0, 0, 0], [0, 1, 1, 0, 0, 0, 0, 0], [0, 1, 1, 1, 1, 1, 0, 0], [0, 2, 0, 0, 0, 0, 0, 0], [0, 1, 1, 0, 0, 0, 0, 0], [0, 0, 0, 0, 0, 0, 0, 0], [0, 0, 0, 0, 0, 0, 0, 0]]",,https://drive.google.com/uc?export=view&id=11jKgQmUvxV3IT6alcTLLdpxVTanFqBV3
48,クアッドホッパーブラック,8,3,コモン,メインウェポン,2022秋,"[[0, 0, 0, 0, 0, 0, 0, 0], [0, 0, 0, 0, 0, 0, 0, 0], [0, 0, 0, 1, 2, 1, 0, 0], [0, 0, 1, 0, 1, 1, 0, 0], [0, 0, 0, 1, 1, 0, 0, 0], [0, 0, 0, 0, 0, 0, 0, 0], [0, 0, 0, 0, 0, 0, 0, 0], [0, 0, 0, 0, 0, 0, 0, 0]]",,https://drive.google.com/uc?export=view&id=1ZjuwtGkobcifow16VQl7se_1Z3InXQX4
49,パラシェルター,11,4,コモン,メインウェポン,2022秋,"[[0, 0, 0, 0, 0, 0, 0, 0], [0, 0, 0, 1, 0, 0, 0, 0], [0, 0, 0, 1, 1, 0, 0, 0], [0, 0, 1, 2, 1, 1, 0, 0], [0, 1, 0, 1, 1, 0, 0, 0], [0, 0, 0, 1, 0, 0, 0, 0], [0, 0, 0, 0, 0, 0, 0, 0], [0, 0, 0, 0, 0, 0, 0, 0]]",,https://drive.google.com/uc?export=view&id=1VLPC0QgcBSvxSHWqV-cnaCX7S6rsb1YC
50,キャンピングシェルター,12,5,コモン,メインウェポン,2022秋,"[[0, 0, 0, 0, 0, 0, 0, 0], [0, 0, 0, 1, 1, 0, 0, 0], [0, 0, 0, 0, 1, 1, 0, 0], [0, 0, 0, 1, 2, 1, 0, 0], [0, 0, 1, 0, 1, 1, 0, 0], [0, 0, 0, 1, 1, 0, 0, 0], [0, 0, 0, 0, 0, 0, 0, 0], [0, 0, 0, 0, 0, 0, 0, 0]]",,https://drive.google.com/uc?export=view&id=1fKpu7ltyU1pN2fLazBbQdEbit5mdFeT5
51,スパイガジェット,8,3,コモン,メインウェポン,2022秋,"[[0, 0, 0, 0, 0, 0, 0, 0], [0, 0, 0, 1, 0, 0, 0, 0], [0, 0, 0, 0, 1, 0, 0, 0], [0, 0, 1, 1, 0, 2, 0, 0], [0, 0, 1, 0, 1, 0, 0, 0], [0, 0, 0, 1, 0, 0, 0, 0], [0, 0, 0, 0, 0, 0, 0, 0], [0, 0, 0, 0, 0, 0, 0, 0]]",,https://drive.google.com/uc?export=view&id=1HKMgpTK6UHj1PCJ8eggKYSIB22zh3GRs
52,トライストリンガー,11,4,コモン,メインウェポン,2022秋,"[[0, 0, 0, 0, 0, 0, 0, 0], [0, 1, 2, 1, 1, 1, 0, 0], [0, 1, 0, 1, 0, 0, 0, 0], [0, 1, 1, 0, 0, 0, 0, 0], [0, 1, 0, 0, 0, 0, 0, 0], [0, 1, 0, 0, 0, 0, 0, 0], [0, 0, 0, 0, 0, 0, 0, 0], [0, 0, 0, 0, 0, 0, 0, 0]]",,https://drive.google.com/uc?export=view&id=1kmP2ZTcItHcGh2o4OHtAWDabNDgP60eq
53,LACT-450,9,4,コモン,メインウェポン,2022秋,"[[0, 0, 0, 0, 0, 0, 0, 0], [0, 0, 0, 0, 0, 0, 0, 0], [0, 0, 1, 0, 1, 1, 0, 0], [0, 0, 0, 2, 1, 0, 0, 0], [0, 0, 1, 1, 1, 0, 0, 0], [0, 0, 1, 0, 0, 0, 0, 0], [0, 0, 0, 0, 0, 0, 0, 0], [0, 0, 0, 0, 0, 0, 0, 0]]",,https://drive.google.com/uc?export=view&id=1LEys2lsNkjVLr_QXKm_BE5cTOzd10ZJh
54,ジムワイパー,6,3,コモン,メインウェポン,2022秋,"[[0, 0, 0, 0, 0, 0, 0, 0], [0, 0, 0, 2, 0, 0, 0, 0], [0, 0, 0, 1, 0, 0, 0, 0], [0, 0, 0, 1, 0, 0, 0, 0], [0, 0, 0, 1, 0, 0, 0, 0], [0, 0, 0, 1, 0, 0, 0, 0], [0, 0, 0, 1, 0, 0, 0, 0], [0, 0, 0, 0, 0, 0, 0, 0]]",,https://drive.google.com/uc?export=view&id=1oGpxPgmckTH-K-c3CCjlAkQbR2TM3tle
55,ドライブワイパー,5,2,コモン,メインウェポン,2022秋,"[[0, 0, 0, 0, 0, 0, 0, 0], [0, 0, 0, 2, 0, 0, 0, 0], [0, 0, 0, 1, 0, 0, 0, 0], [0, 0, 0, 1, 0, 0, 0, 0], [0, 0, 0, 1, 0, 0, 0, 0], [0, 0, 0, 1, 0, 0, 0, 0], [0, 0, 0, 0, 0, 0, 0, 0], [0, 0, 0, 0, 0, 0, 0, 0]]",,https://drive.google.com/uc?export=view&id=1H3r8jZ1LKBKYSJ6r0i0x9xAxZWLXIv2L
56,スプラッシュボム,3,1,コモン,サブウェポン,2022秋,"[[0, 0, 0, 0, 0, 0, 0, 0], [0, 0, 0, 0, 0, 0, 0, 0], [0, 0, 0, 0, 0, 0, 0, 0], [0, 0, 0, 0, 2, 0, 0, 0], [0, 0, 0, 1, 1, 0, 0, 0], [0, 0, 0, 0, 0, 0, 0, 0], [0, 0, 0, 0, 0, 0, 0, 0], [0, 0, 0, 0, 0, 0, 0, 0]]",,https://drive.google.com/uc?export=view&id=18N2mi611bN6OfRoTYZraOMhdnn1Y_MTT
57,キューバンボム,3,1,コモン,サブウェポン,2022秋,"[[0, 0, 0, 0, 0, 0, 0, 0], [0, 0, 0, 0, 0, 0, 0, 0], [0, 0, 0, 1, 0, 0, 0, 0], [0, 0, 0, 1, 0, 0, 0, 0], [0, 0, 0, 2, 0, 0, 0, 0], [0, 0, 0, 0, 0, 0, 0, 0], [0, 0, 0, 0, 0, 0, 0, 0], [0, 0, 0, 0, 0, 0, 0, 0]]",,https://drive.google.com/uc?export=view&id=1WWmPcUtW122Uw_wB-i1zJB6siHMUupzt
58,クイックボム,1,1,コモン,サブウェポン,2022秋,"[[0, 0, 0, 0, 0, 0, 0, 0], [0, 0, 0, 0, 0, 0, 0, 0], [0, 0, 0, 0, 0, 0, 0, 0], [0, 0, 0, 2, 0, 0, 0, 0], [0, 0, 0, 0, 0, 0, 0, 0], [0, 0, 0, 0, 0, 0, 0, 0], [0, 0, 0, 0, 0, 0, 0, 0], [0, 0, 0, 0, 0, 0, 0, 0]]",,https://drive.google.com/uc?export=view&id=1Lkaq-mv8yXgII0_-QCkDQ4q1QLyQkRuC
59,スプリンクラー,3,1,コモン,サブウェポン,2022秋,"[[0, 0, 0, 0, 0, 0, 0, 0], [0, 0, 0, 0, 0, 0, 0, 0], [0, 0, 0, 0, 0, 0, 0, 0], [0, 0, 1, 0, 1, 0, 0, 0], [0, 0, 0, 2, 0, 0, 0, 0], [0, 0, 0, 0, 0, 0, 0, 0], [0, 0, 0, 0, 0, 0, 0, 0], [0, 0, 0, 0, 0, 0, 0, 0]]",,https://drive.google.com/uc?export=view&id=1qgnKU3tGICtsKZYTM4sxBmyTK3O31Hk0
60,スプラッシュシールド,5,2,コモン,サブウェポン,2022秋,"[[0, 0, 0, 0, 0, 0, 0, 0], [0, 0, 0, 0, 0, 0, 0, 0], [0, 0, 1, 1, 1, 0, 0, 0], [0, 0, 0, 2, 0, 0, 0, 0], [0, 0, 0, 1, 0, 0, 0, 0], [0, 0, 0, 0, 0, 0, 0, 0], [0, 0, 0, 0, 0, 0, 0, 0], [0, 0, 0, 0, 0, 0, 0, 0]]",,https://drive.google.com/uc?export=view&id=1Ssir4xIBsvRGpOe7XZbgBdF2uCsaGMXU
61,タンサンボム,3,1,コモン,サブウェポン,2022秋,"[[0, 0, 0, 0, 0, 0, 0, 0], [0, 0, 0, 0, 0, 0, 0, 0], [0, 0, 0, 1, 0, 0, 0, 0], [0, 0, 0, 2, 0, 0, 0, 0], [0, 0, 0, 1, 0, 0, 0, 0], [0, 0, 0, 0, 0, 0, 0, 0], [0, 0, 0, 0, 0, 0, 0, 0], [0, 0, 0, 0, 0, 0, 0, 0]]",,https://drive.google.com/uc?export=view&id=19_mK21rwQ0iGc54CffLlXTb9EHLaVUEv
62,カーリングボム,4,2,コモン,サブウェポン,2022秋,"[[0, 0, 0, 0, 0, 0, 0, 0], [0, 0, 0, 0, 0, 0, 0, 0], [0, 0, 0, 0, 0, 0, 0, 0], [0, 0, 0, 2, 0, 0, 0, 0], [0, 0, 1, 1, 1, 0, 0, 0], [0, 0, 0, 0, 0, 0, 0, 0], [0, 0, 0, 0, 0, 0, 0, 0], [0, 0, 0, 0, 0, 0, 0, 0]]",,https://drive.google.com/uc?export=view&id=1HYFrh7owlVweuy-UEhhzrPo8hsYJd1D5
63,ロボットボム,6,3,コモン,サブウェポン,2022秋,"[[0, 0, 0, 0, 0, 0, 0, 0], [0, 0, 0, 0, 0, 0, 0, 0], [0, 0, 0, 1, 2, 0, 0, 0], [0, 0, 1, 1, 1, 0, 0, 0], [0, 0, 0, 1, 0, 0, 0, 0], [0, 0, 0, 0, 0, 0, 0, 0], [0, 0, 0, 0, 0, 0, 0, 0], [0, 0, 0, 0, 0, 0, 0, 0]]",,https://drive.google.com/uc?export=view&id=1KIABwj9SV12gin5lM5PR42iyn3moww7I
64,ジャンプビーコン,9,4,コモン,サブウェポン,2022秋,"[[0, 0, 0, 0, 0, 0, 0, 0], [0, 0, 0, 0, 0, 0, 0, 0], [0, 0, 1, 1, 1, 0, 0, 0], [0, 0, 1, 2, 1, 0, 0, 0], [0, 0, 0, 1, 0, 0, 0, 0], [0, 0, 1, 0, 1, 0, 0, 0], [0, 0, 0, 0, 0, 0, 0, 0], [0, 0, 0, 0, 0, 0, 0, 0]]",,https://drive.google.com/uc?export=view&id=115lq3HwckUosCRWffdHkBcKpfARC34FI
65,ポイントセンサー,5,2,コモン,サブウェポン,2022秋,"[[0, 0, 0, 0, 0, 0, 0, 0], [0, 0, 0, 0, 0, 0, 0, 0], [0, 0, 1, 0, 1, 0, 0, 0], [0, 0, 0, 2, 0, 0, 0, 0], [0, 0, 1, 0, 1, 0, 0, 0], [0, 0, 0, 0, 0, 0, 0, 0], [0, 0, 0, 0, 0, 0, 0, 0], [0, 0, 0, 0, 0, 0, 0, 0]]",,https://drive.google.com/uc?export=view&id=1LZ9RMC9IKD2csS8gQAPWwreDPA3g43H0
66,トラップ,4,2,コモン,サブウェポン,2022秋,"[[0, 0, 0, 0, 0, 0, 0, 0], [0, 0, 0, 0, 0, 0, 0, 0], [0, 0, 0, 1, 0, 0, 0, 0], [0, 0, 1, 0, 1, 0, 0, 0], [0, 0, 0, 2, 0, 0, 0, 0], [0, 0, 0, 0, 0, 0, 0, 0], [0, 0, 0, 0, 0, 0, 0, 0], [0, 0, 0, 0, 0, 0, 0, 0]]",,https://drive.google.com/uc?export=view&id=1yHGnWArbTqgMjHc0C54TasLKCXHkI5SR
67,ポイズンミスト,5,2,コモン,サブウェポン,2022秋,"[[0, 0, 0, 0, 0, 0, 0, 0], [0, 0, 0, 0, 0, 0, 0, 0], [0, 0, 1, 0, 0, 0, 0, 0], [0, 0, 0, 2, 1, 0, 0, 0], [0, 0, 0, 1, 1, 0, 0, 0], [0, 0, 0, 0, 0, 0, 0, 0], [0, 0, 0, 0, 0, 0, 0, 0], [0, 0, 0, 0, 0, 0, 0, 0]]",,https://drive.google.com/uc?export=view&id=1AwmNzZ14fdRMUkb8gWcbnAdChu2xdwJo
68,ラインマーカー,5,2,コモン,サブウェポン,2022秋,"[[0, 0, 0, 0, 0, 0, 0, 0], [0, 0, 0, 0, 2, 0, 0, 0], [0, 0, 0, 1, 0, 0, 0, 0], [0, 0, 1, 0, 0, 0, 0, 0], [0, 0, 0, 1, 0, 0, 0, 0], [0, 0, 0, 0, 1, 0, 0, 0], [0, 0, 0, 0, 0, 0, 0, 0], [0, 0, 0, 0, 0, 0, 0, 0]]",,https://drive.google.com/uc?export=view&id=1Vi9VQPJnY8i4ZCZDPr0giuYnpGlCy9Ww
69,トーピード,4,2,コモン,サブウェポン,2022秋,"[[0, 0, 0, 0, 0, 0, 0, 0], [0, 0, 0, 0, 0, 0, 0, 0], [0, 0, 0, 1, 0, 0, 0, 0], [0, 0, 0, 1, 1, 0, 0, 0], [0, 0, 2, 0, 0, 0, 0, 0], [0, 0, 0, 0, 0, 0, 0, 0], [0, 0, 0, 0, 0, 0, 0, 0], [0, 0, 0, 0, 0, 0, 0, 0]]",,https://drive.google.com/uc?export=view&id=11lFyqYr2TBiOBzfDgP-q1N2D7BqGZoD_
70,ウルトラショット,12,3,レア,スペシャルウェポン,2022秋,"[[0, 0, 0, 0, 0, 0, 0, 0], [0, 0, 0, 0, 0, 1, 1, 0], [0, 0, 0, 1, 0, 1, 1, 0], [0, 0, 1, 0, 1, 0, 0, 0], [0, 1, 0, 1, 0, 0, 0, 0], [0, 0, 1, 1, 0, 0, 0, 0], [0, 0, 0, 1, 0, 0, 0, 0], [0, 0, 0, 0, 0, 0, 0, 0]]",,https://drive.google.com/uc?export=view&id=1qg5mF_JMqBWP_WbiaOzig9VleZ5HXT6Z
71,グレートバリア,12,3,レア,スペシャルウェポン,2022秋,"[[0, 0, 0, 0, 0, 0, 0, 0], [0, 0, 0, 1, 1, 0, 0, 0], [0, 0, 1, 0, 0, 1, 0, 0], [0, 1, 0, 0, 0, 0, 1, 0], [0, 1, 0, 0, 0, 0, 1, 0], [0, 0, 1, 0, 0, 1, 0, 0], [0, 0, 0, 1, 1, 0, 0, 0], [0, 0, 0, 0, 0, 0, 0, 0]]",,https://drive.google.com/uc?export=view&id=13qETTcwdO8DfoV8mgscv_9V2hLcgdksJ
72,ショクワンダー,12,3,レア,スペシャルウェポン,2022秋,"[[0, 0, 0, 0, 0, 0, 0, 0], [0, 0, 0, 0, 0, 0, 1, 0], [0, 0, 0, 0, 0, 1, 0, 0], [0, 1, 1, 0, 1, 0, 0, 0], [0, 1, 1, 1, 0, 0, 0, 0], [0, 0, 1, 1, 1, 0, 0, 0], [0, 0, 0, 1, 0, 0, 0, 0], [0, 0, 0, 0, 0, 0, 0, 0]]",,https://drive.google.com/uc?export=view&id=1AdQKJWMA7H61yIoxx8buZz5h_EgAmKj7
73,マルチミサイル,12,3,レア,スペシャルウェポン,2022秋,"[[0, 0, 0, 0, 0, 0, 0, 0], [0, 0, 0, 0, 0, 0, 0, 0], [0, 1, 1, 0, 0, 1, 1, 0], [0, 1, 1, 1, 1, 1, 1, 0], [0, 0, 1, 0, 0, 1, 0, 0], [0, 0, 0, 0, 0, 0, 0, 0], [0, 0, 0, 0, 0, 0, 0, 0], [0, 0, 0, 0, 0, 0, 0, 0]]",,https://drive.google.com/uc?export=view&id=1AgSJBr0XS2LZdd97t6PMGLk_lMg-_qQi
74,アメフラシ,12,3,レア,スペシャルウェポン,2022秋,"[[0, 0, 0, 0, 0, 0, 0, 0], [0, 0, 0, 0, 0, 0, 0, 0], [0, 1, 0, 1, 0, 0, 0, 0], [0, 0, 1, 1, 1, 1, 0, 0], [0, 0, 1, 1, 1, 1, 0, 0], [0, 1, 0, 1, 0, 0, 0, 0], [0, 0, 0, 0, 0, 0, 0, 0], [0, 0, 0, 0, 0, 0, 0, 0]]",,https://drive.google.com/uc?export=view&id=1sU5qer8OZRIbky3Q38Fnf_oxUMlS5pZ0
75,ナイスダマ,12,3,レア,スペシャルウェポン,2022秋,"[[0, 0, 0, 0, 0, 0, 0, 0], [0, 0, 0, 0, 0, 0, 0, 0], [0, 0, 0, 1, 1, 0, 0, 0], [0, 0, 1, 1, 1, 1, 0, 0], [0, 0, 1, 1, 1, 1, 0, 0], [0, 0, 0, 1, 1, 0, 0, 0], [0, 0, 0, 0, 0, 0, 0, 0], [0, 0, 0, 0, 0, 0, 0, 0]]",,https://drive.google.com/uc?export=view&id=1zkjXMTZyPfeJJGPQ4SboRZrwhpvl0tFd
76,ホップソナー,12,3,レア,スペシャルウェポン,2022秋,"[[0, 0, 0, 0, 0, 0, 0, 0], [0, 1, 0, 1, 0, 1, 0, 0], [0, 0, 1, 0, 1, 0, 0, 0], [0, 1, 0, 0, 0, 1, 0, 0], [0, 0, 1, 0, 1, 0, 0, 0], [0, 1, 0, 1, 0, 1, 0, 0], [0, 0, 0, 0, 0, 0, 0, 0], [0, 0, 0, 0, 0, 0, 0, 0]]",,https://drive.google.com/uc?export=view&id=19NP43rjTHhUAoutF5lOFgmsLeqWYUHw-
77,キューインキ,12,3,レア,スペシャルウェポン,2022秋,"[[0, 0, 0, 0, 0, 0, 0, 0], [0, 0, 0, 0, 0, 0, 0, 0], [0, 1, 1, 0, 0, 0, 1, 0], [0, 1, 1, 1, 0, 0, 1, 0], [0, 0, 1, 1, 0, 0, 1, 0], [0, 0, 0, 0, 1, 1, 0, 0], [0, 0, 0, 0, 0, 0, 0, 0], [0, 0, 0, 0, 0, 0, 0, 0]]",,https://drive.google.com/uc?export=view&id=1VBZznV_c79t-gREUoKNPVjFn2O1hM07G
78,メガホンレーザー5.1ch,12,3,レア,スペシャルウェポン,2022秋,"[[0, 0, 0, 0, 0, 0, 0, 0], [0, 0, 0, 1, 0, 0, 0, 0], [0, 1, 0, 1, 0, 1, 0, 0], [0, 0, 1, 0, 1, 0, 0, 0], [0, 0, 1, 0, 1, 0, 0, 0], [0, 1, 0, 1, 0, 1, 0, 0], [0, 0, 0, 1, 0, 0, 0, 0], [0, 0, 0, 0, 0, 0, 0, 0]]",,https://drive.google.com/uc?export=view&id=1s61BXgvTaFsV_p8WQew5qWmep7sizmOd
79,ジェットパック,12,3,レア,スペシャルウェポン,2022秋,"[[0, 0, 0, 0, 0, 0, 0, 0], [0, 0, 0, 0, 0, 0, 0, 0], [0, 1, 1, 1, 1, 1, 1, 0], [0, 1, 0, 1, 1, 0, 1, 0], [0, 0, 0, 1, 1, 0, 0, 0], [0, 0, 0, 0, 0, 0, 0, 0], [0, 0, 0, 0, 0, 0, 0, 0], [0, 0, 0, 0, 0, 0, 0, 0]]",,https://drive.google.com/uc?export=view&id=1pzr7UO0YxblR8CjGlYcJ4z88WV8-bX9-
80,ウルトラハンコ,12,3,レア,スペシャルウェポン,2022秋,"[[0, 0, 0, 0, 0, 0, 0, 0], [0, 0, 0, 0, 0, 0, 0, 0], [0, 0, 0, 0, 1, 1, 0, 0], [0, 1, 1, 1, 1, 1, 1, 0], [0, 0, 0, 1, 1, 1, 1, 0], [0, 0, 0, 0, 0, 0, 0, 0], [0, 0, 0, 0, 0, 0, 0, 0], [0, 0, 0, 0, 0, 0, 0, 0]]",,https://drive.google.com/uc?export=view&id=1ssRfc5J9dLbxMgzWfjIE4PeNQ9wQp0Q5
81,カニタンク,12,3,レア,スペシャルウェポン,2022秋,"[[0, 0, 0, 0, 0, 0, 0, 0], [0, 0, 1, 0, 0, 1, 0, 0], [0, 0, 0, 1, 1, 0, 0, 0], [0, 0, 1, 0, 0, 1, 0, 0], [0, 1, 0, 0, 0, 0, 1, 0], [0, 1, 1, 0, 0, 1, 1, 0], [0, 0, 0, 0, 0, 0, 0, 0], [0, 0, 0, 0, 0, 0, 0, 0]]",,https://drive.google.com/uc?export=view&id=1jS_uxhjM-_bDaIUH9iLf_e-fIJhzLloD
82,サメライド,12,3,レア,スペシャルウェポン,2022秋,"[[0, 0, 0, 0, 0, 0, 0, 0], [0, 0, 0, 0, 0, 0, 0, 0], [0, 0, 0, 1, 0, 0, 0, 0], [0, 0, 1, 1, 1, 0, 1, 0], [0, 1, 1, 1, 1, 1, 1, 0], [0, 0, 0, 1, 0, 0, 0, 0], [0, 0, 0, 0, 0, 0, 0, 0], [0, 0, 0, 0, 0, 0, 0, 0]]",,https://drive.google.com/uc?export=view&id=1oPdc1oZ54-lhpuzw_qZGzWC5LdBU8qRe
83,トリプルトルネード,12,3,レア,スペシャルウェポン,2022秋,"[[0, 0, 0, 0, 0, 0, 0, 0], [0, 0, 0, 0, 0, 0, 0, 0], [0, 0, 0, 1, 1, 0, 0, 0], [0, 0, 0, 1, 1, 0, 0, 0], [0, 1, 1, 0, 0, 1, 1, 0], [0, 1, 1, 0, 0, 1, 1, 0], [0, 0, 0, 0, 0, 0, 0, 0], [0, 0, 0, 0, 0, 0, 0, 0]]",,https://drive.google.com/uc?export=view&id=1zwmKlQZtX1EMbuCwcjJdnsmh8oFZP-C5
84,エナジースタンド,12,3,レア,スペシャルウェポン,2022秋,"[[0, 0, 0, 0, 0, 0, 0, 0], [0, 0, 1, 1, 1, 0, 0, 0], [0, 0, 1, 0, 1, 0, 0, 0], [0, 1, 0, 1, 0, 1, 0, 0], [0, 0, 1, 1, 1, 0, 0, 0], [0, 0, 0, 1, 0, 0, 0, 0], [0, 0, 0, 0, 0, 0, 0, 0], [0, 0, 0, 0, 0, 0, 0, 0]]",,https://drive.google.com/uc?export=view&id=1oBQjEs8WWU8gth4dr3eDGjhr4z4zKR32
85,ブキチ,13,5,レア,NPC,2022秋,"[[0, 0, 0, 0, 0, 0, 0, 0], [0, 0, 0, 0, 0, 0, 0, 0], [0, 0, 1, 1, 1, 0, 0, 0], [0, 1, 1, 1, 1, 1, 0, 0], [0, 1, 0, 1, 0, 1, 0, 0], [0, 0, 2, 0, 1, 0, 0, 0], [0, 0, 0, 0, 0, 0, 0, 0], [0, 0, 0, 0, 0, 0, 0, 0]]",,https://drive.google.com/uc?export=view&id=1aOyMdKU1jcN5lmQKcf2EtESmUsSCLN4I
86,オームラ,15,5,レア,NPC,2022秋,"[[0, 0, 0, 0, 0, 0, 0, 0], [0, 0, 1, 1, 2, 0, 0, 0], [0, 1, 0, 1, 0, 1, 0, 0], [0, 1, 1, 1, 1, 1, 0, 0], [0, 1, 0, 1, 0, 0, 0, 0], [0, 0, 1, 1, 0, 0, 0, 0], [0, 0, 0, 0, 0, 0, 0, 0], [0, 0, 0, 0, 0, 0, 0, 0]]",,https://drive.google.com/uc?export=view&id=18Uyec2v-hXlqoF_n7CNuQRHarUWGCPTf
87,ハナガサ,12,5,レア,NPC,2022秋,"[[0, 0, 0, 0, 0, 0, 0, 0], [0, 0, 0, 1, 0, 0, 0, 0], [0, 0, 1, 1, 1, 0, 0, 0], [0, 0, 1, 1, 1, 0, 0, 0], [0, 1, 0, 2, 0, 1, 0, 0], [0, 0, 1, 0, 1, 0, 0, 0], [0, 0, 0, 0, 0, 0, 0, 0], [0, 0, 0, 0, 0, 0, 0, 0]]",,https://drive.google.com/uc?export=view&id=1xSW9qXELrE_0BLGKm-4CtFV1R0VYahq5
88,ヤシガニさん,15,5,レア,NPC,2022秋,"[[0, 0, 0, 0, 0, 0, 0, 0], [0, 0, 0, 1, 0, 0, 0, 0], [0, 0, 1, 1, 1, 0, 0, 0], [0, 0, 1, 1, 1, 0, 0, 0], [0, 1, 1, 1, 1, 1, 0, 0], [0, 2, 0, 1, 0, 1, 0, 0], [0, 0, 0, 0, 0, 0, 0, 0], [0, 0, 0, 0, 0, 0, 0, 0]]",,https://drive.google.com/uc?export=view&id=17I03wrbRPLiSMQNDYgwANqT4x53EV6s-
89,パル子,15,5,レア,NPC,2022秋,"[[0, 0, 0, 0, 0, 0, 0, 0], [0, 0, 1, 1, 1, 0, 0, 0], [0, 0, 1, 1, 1, 1, 0, 0], [0, 0, 0, 1, 2, 0, 0, 0], [0, 0, 1, 0, 0, 1, 0, 0], [0, 0, 1, 0, 0, 1, 0, 0], [0, 1, 0, 0, 0, 0, 1, 0], [0, 0, 0, 0, 0, 0, 0, 0]]",,https://drive.google.com/uc?export=view&id=1zv-S8i61vxgYMTLfyVJpIHqAm18s3cN_
90,スパイキー,12,5,レア,NPC,2022秋,"[[0, 0, 0, 0, 0, 0, 0, 0], [0, 0, 1, 0, 1, 0, 0, 0], [0, 1, 0, 1, 0, 1, 0, 0], [0, 0, 1, 0, 1, 0, 0, 0], [0, 1, 0, 2, 0, 1, 0, 0], [0, 0, 1, 0, 1, 0, 0, 0], [0, 0, 0, 0, 0, 0, 0, 0], [0, 0, 0, 0, 0, 0, 0, 0]]",,https://drive.google.com/uc?export=view&id=1R1-LA8qYzdf9k5eVP2Qr7otV3mblvYR3
91,クマサン,14,5,レア,NPC,2022秋,"[[0, 0, 0, 0, 0, 0, 0, 0], [0, 0, 0, 1, 0, 0, 0, 0], [0, 0, 2, 0, 0, 0, 0, 0], [0, 1, 0, 1, 0, 0, 0, 0], [0, 1, 1, 1, 0, 0, 0, 0], [0, 1, 1, 1, 1, 1, 0, 0], [0, 0, 0, 1, 0, 1, 0, 0], [0, 0, 0, 0, 0, 0, 0, 0]]",,https://drive.google.com/uc?export=view&id=1174vV8PNZ4xJx1_JSYY2imaLJ41FXE0g
92,マザー,15,5,レア,NPC,2022秋,"[[0, 0, 0, 0, 0, 0, 0, 0], [0, 0, 0, 1, 0, 0, 0, 0], [0, 0, 1, 1, 1, 0, 0, 0], [0, 1, 0, 1, 0, 1, 0, 0], [0, 1, 1, 2, 1, 1, 0, 0], [0, 0, 1, 1, 1, 0, 0, 0], [0, 0, 0, 0, 0, 0, 0, 0], [0, 0, 0, 0, 0, 0, 0, 0]]",,https://drive.google.com/uc?export=view&id=1sFJox79qObeVVHt1fClu05Wm1ULz_xSo
93,コジャケ,3,1,フレッシュ,NPC,2022秋,"[[0, 0, 0, 0, 0, 0, 0, 0], [0, 0, 0, 0, 0, 0, 0, 0], [0, 0, 0, 0, 0, 0, 0, 0], [0, 0, 0, 2, 0, 0, 0, 0], [0, 0, 0, 1, 1, 0, 0, 0], [0, 0, 0, 0, 0, 0, 0, 0], [0, 0, 0, 0, 0, 0, 0, 0], [0, 0, 0, 0, 0, 0, 0, 0]]",,https://drive.google.com/uc?export=view&id=1oGh6k8gGLXfpOPkieuXz1Ml68Bo1Pw6w
94,アタリメ,14,5,フレッシュ,NPC,2022秋,"[[0, 0, 0, 0, 0, 0, 0, 0], [0, 0, 0, 1, 0, 0, 0, 0], [0, 0, 1, 1, 1, 0, 0, 0], [0, 0, 0, 1, 0, 0, 0, 0], [0, 0, 1, 1, 1, 0, 0, 0], [0, 0, 1, 1, 1, 0, 0, 0], [0, 1, 0, 2, 0, 1, 0, 0], [0, 0, 0, 0, 0, 0, 0, 0]]",,https://drive.google.com/uc?export=view&id=1aLhW40COpFyuEC8gxl-djoYD4liDrkPm
95,司令,16,6,フレッシュ,NPC,2022秋,"[[0, 0, 0, 0, 0, 0, 0, 0], [0, 1, 1, 1, 0, 0, 0, 0], [0, 1, 1, 1, 1, 0, 0, 0], [1, 1, 2, 1, 0, 1, 0, 0], [0, 0, 1, 0, 0, 0, 1, 0], [0, 0, 0, 1, 0, 0, 0, 0], [0, 0, 0, 0, 1, 0, 0, 0], [0, 0, 0, 0, 0, 0, 0, 0]]",,https://drive.google.com/uc?export=view&id=1a6pDZeATa_6Bir7Sk7nIPYZpafLYnOBV
96,アオリ,15,5,フレッシュ,NPC,2022秋,"[[0, 0, 0, 0, 0, 0, 0, 0], [0, 1, 1, 0, 0, 0, 0, 0], [0, 1, 1, 1, 1, 0, 0, 0], [0, 0, 1, 1, 2, 0, 0, 0], [0, 0, 0, 1, 0, 1, 0, 0], [0, 1, 0, 1, 0, 0, 0, 0], [0, 0, 1, 0, 1, 0, 0, 0], [0, 0, 0, 0, 0, 0, 0, 0]]",,https://drive.google.com/uc?export=view&id=1Cp8COVtxZilVVct5WLUDvNzuZrjDn1Tl
97,ホタル,15,5,フレッシュ,NPC,2022秋,"[[0, 0, 0, 0, 0, 0, 0, 0], [0, 0, 0, 0, 1, 1, 0, 0], [0, 0, 1, 1, 1, 1, 0, 0], [0, 0, 2, 1, 1, 0, 0, 0], [0, 1, 0, 1, 0, 0, 0, 0], [0, 0, 0, 1, 0, 1, 0, 0], [0, 0, 1, 0, 1, 0, 0, 0], [0, 0, 0, 0, 0, 0, 0, 0]]",,https://drive.google.com/uc?export=view&id=19E90_eWJ9nuCBCcr-3XdQ_4D8BUUdTZ3
98,フウカ,17,6,フレッシュ,NPC,2022秋,"[[0, 0, 0, 1, 0, 0, 0, 0], [0, 0, 0, 1, 0, 0, 0, 0], [0, 0, 1, 1, 1, 0, 0, 0], [0, 2, 0, 1, 0, 1, 0, 0], [0, 1, 1, 0, 1, 1, 0, 0], [0, 0, 1, 1, 1, 0, 0, 0], [0, 0, 1, 0, 1, 0, 0, 0], [0, 0, 0, 0, 0, 0, 0, 0]]",,https://drive.google.com/uc?export=view&id=1iH0jzyWYdRcEadG_zn5Ycp1qvfxzxN0J
99,ウツホ,17,6,フレッシュ,NPC,2022秋,"[[0, 0, 1, 0, 1, 0, 0, 0], [0, 0, 1, 1, 1, 0, 0, 0], [0, 1, 0, 1, 0, 2, 0, 0], [0, 1, 1, 0, 1, 1, 0, 0], [0, 0, 1, 0, 1, 0, 0, 0], [0, 0, 1, 0, 1, 0, 0, 0], [0, 0, 0, 1, 0, 0, 0, 0], [0, 0, 0, 0, 0, 0, 0, 0]]",,https://drive.google.com/uc?export=view&id=1wpAIMxBWb-qe8x7ojyd-XtNTQS-Upz8O
100,マンタロー,17,6,フレッシュ,NPC,2022秋,"[[0, 0, 0, 0, 0, 0, 0, 0], [0, 0, 1, 0, 0, 1, 0, 0], [0, 1, 0, 1, 1, 1, 0, 0], [0, 0, 1, 1, 1, 0, 0, 0], [0, 0, 1, 1, 1, 0, 1, 0], [0, 1, 1, 0, 0, 2, 0, 0], [0, 0, 0, 0, 1, 0, 0, 0], [0, 0, 0, 0, 0, 0, 0, 0]]",,https://drive.google.com/uc?export=view&id=1AYbcYL_ukkpq5OeOja7PgGeiD93rm4Y1
101,ジャッジくん,14,5,フレッシュ,NPC,2022秋,"[[0, 0, 0, 0, 0, 0, 0, 0], [0, 0, 0, 0, 0, 0, 0, 0], [0, 0, 1, 0, 1, 0, 0, 0], [0, 1, 1, 1, 1, 1, 0, 0], [0, 1, 0, 1, 0, 1, 0, 0], [0, 1, 1, 0, 2, 1, 0, 0], [0, 0, 0, 0, 0, 0, 0, 0], [0, 0, 0, 0, 0, 0, 0, 0]]",,https://drive.google.com/uc?export=view&id=1KeGNZzbZctHVU1QpfVqKQLxz1rRMrYaX
102,コジャッジくん,8,3,フレッシュ,NPC,2022秋,"[[0, 0, 0, 0, 0, 0, 0, 0], [0, 0, 0, 0, 0, 0, 0, 0], [0, 0, 1, 0, 1, 0, 0, 0], [0, 0, 1, 1, 1, 0, 0, 0], [0, 0, 1, 1, 2, 0, 0, 0], [0, 0, 0, 0, 0, 0, 0, 0], [0, 0, 0, 0, 0, 0, 0, 0], [0, 0, 0, 0, 0, 0, 0, 0]]",,https://drive.google.com/uc?export=view&id=1RwM9llKiso0tWaZDkzVAss3J1llUAHvw
103,バトロイカ,10,4,レア,ブランド,2022秋,"[[0, 0, 0, 0, 0, 0, 0, 0], [0, 0, 0, 1, 0, 0, 0, 0], [0, 0, 0, 1, 0, 0, 0, 0], [0, 1, 1, 1, 1, 1, 0, 0], [0, 0, 0, 1, 2, 0, 0, 0], [0, 0, 0, 1, 0, 0, 0, 0], [0, 0, 0, 0, 0, 0, 0, 0], [0, 0, 0, 0, 0, 0, 0, 0]]",,https://drive.google.com/uc?export=view&id=1owrimJbi6hYfdH4fywdRhfrQfwiGFLWA
104,アイロニック,14,5,レア,ブランド,2022秋,"[[0, 0, 0, 0, 0, 0, 0, 0], [0, 0, 1, 1, 1, 1, 0, 0], [0, 0, 0, 1, 1, 1, 0, 0], [0, 0, 1, 0, 1, 1, 0, 0], [0, 1, 0, 2, 0, 1, 0, 0], [0, 0, 1, 0, 0, 0, 0, 0], [0, 0, 0, 0, 0, 0, 0, 0], [0, 0, 0, 0, 0, 0, 0, 0]]",,https://drive.google.com/uc?export=view&id=1GVml-mSpTOzRlfdSYwJdBrpZbpWgAuyC
105,クラーゲス,14,5,レア,ブランド,2022秋,"[[0, 0, 0, 0, 0, 0, 0, 0], [0, 0, 0, 0, 0, 0, 0, 0], [0, 0, 0, 2, 1, 0, 0, 0], [0, 0, 1, 1, 1, 1, 1, 0], [0, 1, 1, 1, 1, 1, 0, 0], [0, 0, 0, 1, 1, 0, 0, 0], [0, 0, 0, 0, 0, 0, 0, 0], [0, 0, 0, 0, 0, 0, 0, 0]]",,https://drive.google.com/uc?export=view&id=1HgvT9CpjX_4Y0O_-j4WVNEu9BMEWMEhC
106,ロッケンベルグ,9,4,レア,ブランド,2022秋,"[[0, 0, 0, 0, 0, 0, 0, 0], [0, 0, 0, 0, 0, 0, 0, 0], [0, 0, 1, 0, 1, 0, 0, 0], [0, 0, 1, 2, 0, 0, 0, 0], [0, 0, 1, 0, 1, 0, 0, 0], [0, 0, 1, 1, 1, 0, 0, 0], [0, 0, 0, 0, 0, 0, 0, 0], [0, 0, 0, 0, 0, 0, 0, 0]]",,https://drive.google.com/uc?export=view&id=1KkT9jipYefRYUKhIxpWGvsQnsopPm-3l
107,エゾッコ,12,5,レア,ブランド,2022秋,"[[0, 0, 0, 0, 0, 0, 0, 0], [0, 0, 0, 0, 0, 0, 0, 0], [0, 0, 0, 1, 0, 0, 0, 0], [0, 1, 1, 2, 1, 1, 0, 0], [0, 1, 1, 1, 1, 1, 0, 0], [0, 0, 0, 1, 0, 0, 0, 0], [0, 0, 0, 0, 0, 0, 0, 0], [0, 0, 0, 0, 0, 0, 0, 0]]",,https://drive.google.com/uc?export=view&id=10XTp_anLiuDgm1Nun7yQrzHXtVhGDTmr
108,フォーリマ,9,4,レア,ブランド,2022秋,"[[0, 0, 0, 0, 0, 0, 0, 0], [0, 0, 0, 0, 0, 0, 0, 0], [0, 0, 0, 1, 1, 1, 0, 0], [0, 0, 1, 1, 1, 0, 0, 0], [0, 0, 2, 1, 0, 0, 0, 0], [0, 0, 1, 0, 0, 0, 0, 0], [0, 0, 0, 0, 0, 0, 0, 0], [0, 0, 0, 0, 0, 0, 0, 0]]",,https://drive.google.com/uc?export=view&id=1F6Vo3m9jQY7II9Z0jQXrXknT3kL10g3h
109,ホッコリー,9,4,レア,ブランド,2022秋,"[[0, 0, 0, 0, 0, 0, 0, 0], [0, 0, 0, 0, 0, 0, 0, 0], [0, 0, 0, 0, 2, 0, 0, 0], [0, 0, 0, 0, 0, 1, 0, 0], [0, 0, 0, 1, 1, 1, 0, 0], [0, 0, 1, 1, 1, 1, 0, 0], [0, 0, 0, 0, 0, 0, 0, 0], [0, 0, 0, 0, 0, 0, 0, 0]]",,https://drive.google.com/uc?export=view&id=10ANWR979j6uWq2x4XO23Iu7M2gvX6QUh
110,ホタックス,14,5,レア,ブランド,2022秋,"[[0, 0, 0, 0, 0, 0, 0, 0], [0, 0, 0, 0, 0, 0, 0, 0], [0, 0, 2, 0, 1, 0, 0, 0], [0, 1, 1, 1, 1, 1, 0, 0], [0, 1, 1, 1, 1, 1, 0, 0], [0, 0, 1, 0, 1, 0, 0, 0], [0, 0, 0, 0, 0, 0, 0, 0], [0, 0, 0, 0, 0, 0, 0, 0]]",,https://drive.google.com/uc?export=view&id=1oKIJZZfbMSKvwClZr2lBMZAmVkkMi_OV
111,ジモン,10,4,レア,ブランド,2022秋,"[[0, 0, 0, 0, 0, 0, 0, 0], [0, 0, 0, 0, 0, 0, 0, 0], [0, 0, 0, 0, 0, 0, 0, 0], [0, 1, 1, 2, 1, 0, 1, 0], [0, 1, 1, 0, 1, 1, 1, 0], [0, 0, 0, 0, 0, 0, 0, 0], [0, 0, 0, 0, 0, 0, 0, 0], [0, 0, 0, 0, 0, 0, 0, 0]]",,https://drive.google.com/uc?export=view&id=1a1Hy992VGJMZ1uw5ex8zRoVX1DK-XAcX
112,シグレニ,11,4,レア,ブランド,2022秋,"[[0, 0, 0, 0, 0, 0, 0, 0], [0, 0, 0, 0, 0, 0, 0, 0], [0, 0, 0, 1, 1, 1, 0, 0], [0, 0, 0, 1, 1, 0, 0, 0], [0, 0, 0, 2, 0, 0, 0, 0], [0, 0, 0, 1, 1, 0, 0, 0], [0, 0, 0, 1, 1, 1, 0, 0], [0, 0, 0, 0, 0, 0, 0, 0]]",,https://drive.google.com/uc?export=view&id=1G686BVxsqobFAl42Kb_eJRBsmsoOsXe4
113,アロメ,2,1,レア,ブランド,2022秋,"[[0, 0, 0, 0, 0, 0, 0, 0], [0, 0, 0, 0, 0, 0, 0, 0], [0, 0, 0, 0, 0, 0, 0, 0], [0, 0, 0, 0, 2, 0, 0, 0], [0, 0, 0, 1, 0, 0, 0, 0], [0, 0, 0, 0, 0, 0, 0, 0], [0, 0, 0, 0, 0, 0, 0, 0], [0, 0, 0, 0, 0, 0, 0, 0]]",,https://drive.google.com/uc?export=view&id=1wtAygxr8n2ZzELeO8WvBmL1HzGo0brLk
114,ヤコ,13,5,レア,ブランド,2022秋,"[[0, 0, 0, 0, 0, 0, 0, 0], [0, 0, 0, 0, 0, 0, 0, 0], [0, 1, 1, 2, 0, 1, 0, 0], [0, 0, 1, 1, 1, 1, 1, 0], [0, 1, 1, 1, 0, 1, 0, 0], [0, 0, 0, 0, 0, 0, 0, 0], [0, 0, 0, 0, 0, 0, 0, 0], [0, 0, 0, 0, 0, 0, 0, 0]]",,https://drive.google.com/uc?export=view&id=1ZNdWWl4CPmM1q7UAegNJT8BIEj83DUQg
115,アナアキ,12,5,レア,ブランド,2022秋,"[[0, 0, 0, 0, 0, 0, 0, 0], [0, 0, 0, 1, 0, 0, 0, 0], [0, 0, 1, 1, 1, 0, 0, 0], [0, 0, 1, 1, 1, 0, 0, 0], [0, 0, 1, 2, 1, 0, 0, 0], [0, 1, 0, 0, 0, 1, 0, 0], [0, 0, 0, 0, 0, 0, 0, 0], [0, 0, 0, 0, 0, 0, 0, 0]]",,https://drive.google.com/uc?export=view&id=1xtrxQfxlzFLeTFos6e8V3MI-cdiIXBce
116,エンペリー,13,5,レア,ブランド,2022秋,"[[0, 0, 0, 0, 0, 0, 0, 0], [0, 0, 0, 0, 0, 0, 0, 0], [0, 0, 0, 0, 1, 0, 0, 0], [0, 1, 0, 2, 1, 1, 0, 0], [0, 0, 1, 1, 1, 0, 0, 0], [0, 1, 1, 1, 1, 1, 0, 0], [0, 0, 0, 0, 0, 0, 0, 0], [0, 0, 0, 0, 0, 0, 0, 0]]",,https://drive.google.com/uc?export=view&id=1ColSDORi8iYdVtandmPS4tEDEhVqZjWr
117,タタキケンサキ,8,3,レア,ブランド,2022秋,"[[0, 0, 0, 0, 0, 0, 0, 0], [0, 0, 0, 0, 0, 0, 0, 0], [0, 0, 1, 0, 0, 0, 0, 0], [0, 0, 1, 1, 1, 0, 0, 0], [0, 0, 1, 0, 0, 0, 0, 0], [0, 0, 1, 2, 1, 0, 0, 0], [0, 0, 0, 0, 0, 0, 0, 0], [0, 0, 0, 0, 0, 0, 0, 0]]",,https://drive.google.com/uc?export=view&id=1gsdDlI3qHzILmOCgFuV-WPUSJ269eylK
118,バラズシ,9,4,レア,ブランド,2022秋,"[[0, 0, 0, 0, 0, 0, 0, 0], [0, 0, 0, 0, 0, 0, 0, 0], [0, 0, 0, 0, 0, 1, 0, 0], [0, 0, 0, 0, 1, 1, 0, 0], [0, 0, 0, 1, 0, 2, 0, 0], [0, 0, 1, 1, 1, 1, 0, 0], [0, 0, 0, 0, 0, 0, 0, 0], [0, 0, 0, 0, 0, 0, 0, 0]]",,https://drive.google.com/uc?export=view&id=1L8y9qp7QP1OcsTGXIirU0SzZynZrJoM7
119,シチリン,9,4,レア,ブランド,2022秋,"[[0, 0, 0, 0, 0, 0, 0, 0], [0, 0, 1, 0, 1, 0, 0, 0], [0, 1, 0, 0, 0, 1, 0, 0], [0, 0, 1, 0, 1, 0, 0, 0], [0, 0, 0, 2, 0, 0, 0, 0], [0, 0, 1, 0, 1, 0, 0, 0], [0, 0, 0, 0, 0, 0, 0, 0], [0, 0, 0, 0, 0, 0, 0, 0]]",,https://drive.google.com/uc?export=view&id=1-bp2LmrYlGvM34ggGBKv9-PbMNs9qsLt
120,タコトルーパー,8,3,コモン,オクタリアン,2022秋,"[[0, 0, 0, 0, 0, 0, 0, 0], [0, 0, 0, 0, 0, 0, 0, 0], [0, 0, 0, 1, 0, 0, 0, 0], [0, 0, 0, 2, 1, 0, 0, 0], [0, 0, 1, 1, 1, 0, 0, 0], [0, 0, 0, 1, 1, 0, 0, 0], [0, 0, 0, 0, 0, 0, 0, 0], [0, 0, 0, 0, 0, 0, 0, 0]]",,https://drive.google.com/uc?export=view&id=1eFgcMUoacncQVUz7tZ8cOqOW5DG3wyvC
121,タテタコトルーパー,11,4,コモン,オクタリアン,2022秋,"[[0, 0, 0, 0, 0, 0, 0, 0], [0, 0, 0, 0, 0, 0, 0, 0], [0, 0, 0, 0, 1, 0, 0, 0], [0, 0, 1, 0, 2, 1, 0, 0], [0, 0, 1, 1, 1, 1, 0, 0], [0, 0, 1, 0, 1, 1, 0, 0], [0, 0, 0, 0, 0, 0, 0, 0], [0, 0, 0, 0, 0, 0, 0, 0]]",,https://drive.google.com/uc?export=view&id=1Fx0TRz9Lmqh2A6vNrGCfwZPzpvPvfD-s
122,バイタコトルーパー,11,4,コモン,オクタリアン,2022秋,"[[0, 0, 0, 0, 0, 0, 0, 0], [0, 0, 0, 0, 0, 0, 0, 0], [0, 1, 1, 1, 0, 1, 0, 0], [0, 0, 0, 2, 1, 0, 0, 0], [0, 0, 1, 1, 1, 0, 0, 0], [0, 0, 0, 1, 1, 0, 0, 0], [0, 0, 0, 0, 0, 0, 0, 0], [0, 0, 0, 0, 0, 0, 0, 0]]",,https://drive.google.com/uc?export=view&id=1oESBtuqxDsuPOVvSnvYAhTB4DHUbIRR5
123,タコホッパー,10,4,コモン,オクタリアン,2022秋,"[[0, 0, 0, 0, 0, 0, 0, 0], [0, 0, 0, 1, 0, 0, 0, 0], [0, 0, 0, 2, 1, 0, 0, 0], [0, 0, 1, 1, 1, 0, 0, 0], [0, 0, 0, 1, 1, 0, 0, 0], [0, 0, 0, 1, 0, 0, 0, 0], [0, 0, 0, 1, 0, 0, 0, 0], [0, 0, 0, 0, 0, 0, 0, 0]]",,https://drive.google.com/uc?export=view&id=1la6B0IL6TGogLUpSFd7DY_e91s8DRZCH
124,タコプター,4,2,コモン,オクタリアン,2022秋,"[[0, 0, 0, 0, 0, 0, 0, 0], [0, 0, 0, 0, 0, 0, 0, 0], [0, 0, 1, 0, 1, 0, 0, 0], [0, 0, 0, 2, 0, 0, 0, 0], [0, 0, 0, 1, 0, 0, 0, 0], [0, 0, 0, 0, 0, 0, 0, 0], [0, 0, 0, 0, 0, 0, 0, 0], [0, 0, 0, 0, 0, 0, 0, 0]]",,https://drive.google.com/uc?export=view&id=1yGuZc2C5cK2rNltqLlI-cggatT0DNNS-
125,ボムタコプター,13,5,コモン,オクタリアン,2022秋,"[[0, 0, 0, 0, 0, 0, 0, 0], [0, 0, 0, 0, 0, 0, 0, 0], [0, 0, 0, 1, 0, 0, 0, 0], [0, 0, 1, 1, 1, 0, 0, 0], [0, 1, 1, 1, 1, 1, 0, 0], [0, 0, 1, 1, 1, 0, 2, 0], [0, 0, 0, 0, 0, 0, 0, 0], [0, 0, 0, 0, 0, 0, 0, 0]]",,https://drive.google.com/uc?export=view&id=1ZOHROYohtBbkXHs4e5-MyFqckrnhI-0Y
126,タコミラーボール,12,5,コモン,オクタリアン,2022秋,"[[0, 0, 0, 0, 0, 0, 0, 0], [0, 0, 0, 1, 0, 0, 0, 0], [0, 1, 1, 1, 1, 1, 0, 0], [0, 1, 0, 0, 0, 1, 0, 0], [0, 2, 0, 0, 0, 1, 0, 0], [0, 1, 0, 0, 0, 1, 0, 0], [0, 0, 0, 0, 0, 0, 0, 0], [0, 0, 0, 0, 0, 0, 0, 0]]",,https://drive.google.com/uc?export=view&id=1lnlAzE-Q6YEUv9W_9d17hB6_aIbbyTRM
127,タコポッド,2,1,コモン,オクタリアン,2022秋,"[[0, 0, 0, 0, 0, 0, 0, 0], [0, 0, 0, 0, 0, 0, 0, 0], [0, 0, 0, 0, 0, 0, 0, 0], [0, 0, 0, 2, 1, 0, 0, 0], [0, 0, 0, 0, 0, 0, 0, 0], [0, 0, 0, 0, 0, 0, 0, 0], [0, 0, 0, 0, 0, 0, 0, 0], [0, 0, 0, 0, 0, 0, 0, 0]]",,https://drive.google.com/uc?export=view&id=1IvFLSF4vIJy1eqj3P0_3ZMOfScmmDsWK
128,大容量タコポッド,11,4,レア,オクタリアン,2022秋,"[[0, 0, 0, 0, 0, 0, 0, 0], [0, 0, 0, 0, 0, 0, 0, 0], [0, 0, 1, 1, 1, 1, 0, 0], [0, 0, 1, 1, 1, 1, 0, 0], [0, 0, 0, 2, 0, 0, 0, 0], [0, 0, 1, 0, 1, 0, 0, 0], [0, 0, 0, 0, 0, 0, 0, 0], [0, 0, 0, 0, 0, 0, 0, 0]]",,https://drive.google.com/uc?export=view&id=1mdyHGStUXyF_6OOv7gIud27h11zqhU2y
129,スタコラー,7,3,コモン,オクタリアン,2022秋,"[[0, 0, 0, 0, 0, 0, 0, 0], [0, 0, 0, 0, 0, 0, 0, 0], [0, 0, 0, 0, 0, 1, 0, 0], [0, 0, 0, 0, 1, 1, 0, 0], [0, 0, 1, 2, 0, 0, 0, 0], [0, 0, 1, 1, 0, 0, 0, 0], [0, 0, 0, 0, 0, 0, 0, 0], [0, 0, 0, 0, 0, 0, 0, 0]]",,https://drive.google.com/uc?export=view&id=12KarypFHAOX1h1Kqqr1600TFUvWc_xXe
130,タコスナイパー,10,4,レア,オクタリアン,2022秋,"[[0, 0, 0, 0, 0, 0, 0, 0], [0, 0, 0, 0, 1, 1, 0, 0], [0, 0, 0, 0, 1, 0, 0, 0], [0, 0, 0, 0, 1, 2, 0, 0], [0, 0, 1, 1, 1, 1, 0, 0], [0, 0, 0, 0, 1, 0, 0, 0], [0, 0, 0, 0, 0, 0, 0, 0], [0, 0, 0, 0, 0, 0, 0, 0]]",,https://drive.google.com/uc?export=view&id=1Qb0ofypWjmQcCVAvQSiB0iEmrgcQQw5v
131,タココマンダー,12,5,レア,オクタリアン,2022秋,"[[0, 0, 0, 0, 0, 0, 0, 0], [0, 0, 0, 1, 1, 0, 0, 0], [0, 0, 0, 1, 0, 0, 0, 0], [0, 0, 0, 1, 2, 0, 0, 0], [0, 1, 1, 1, 1, 1, 0, 0], [0, 0, 0, 1, 0, 1, 0, 0], [0, 0, 0, 0, 0, 0, 0, 0], [0, 0, 0, 0, 0, 0, 0, 0]]",,https://drive.google.com/uc?export=view&id=1rmrIVycmL8iTIXa3LmXzeXYlk4_aQ1es
132,タコミサイル,5,2,コモン,オクタリアン,2022秋,"[[0, 0, 0, 0, 0, 0, 0, 0], [0, 0, 0, 0, 0, 0, 0, 0], [0, 0, 0, 0, 0, 0, 0, 0], [0, 0, 0, 1, 0, 0, 0, 0], [0, 0, 2, 1, 1, 1, 0, 0], [0, 0, 0, 0, 0, 0, 0, 0], [0, 0, 0, 0, 0, 0, 0, 0], [0, 0, 0, 0, 0, 0, 0, 0]]",,https://drive.google.com/uc?export=view&id=1Sh2Hf2NC1GQeu3SbYdIyIrV0lRduQCo-
133,タコッペリン号,9,4,レア,オクタリアン,2022秋,"[[0, 0, 0, 0, 0, 0, 0, 0], [0, 0, 0, 0, 0, 0, 0, 0], [0, 0, 0, 1, 0, 0, 0, 0], [0, 0, 2, 1, 1, 1, 0, 0], [0, 0, 1, 1, 1, 1, 0, 0], [0, 0, 0, 0, 0, 0, 0, 0], [0, 0, 0, 0, 0, 0, 0, 0], [0, 0, 0, 0, 0, 0, 0, 0]]",,https://drive.google.com/uc?export=view&id=1-3_mhAM6To-phsydRcdpc9gOO4uPd_Q6
134,インクリーナー,8,3,コモン,オクタリアン,2022秋,"[[0, 0, 0, 0, 0, 0, 0, 0], [0, 0, 0, 0, 0, 0, 0, 0], [0, 0, 1, 1, 1, 0, 0, 0], [0, 0, 1, 1, 1, 0, 0, 0], [0, 0, 0, 2, 0, 0, 0, 0], [0, 0, 1, 0, 0, 0, 0, 0], [0, 0, 0, 0, 0, 0, 0, 0], [0, 0, 0, 0, 0, 0, 0, 0]]",,https://drive.google.com/uc?export=view&id=1WnuBRn12p9jhYYdIqgTCjlg3JyJ4gwsB
135,タコスタンプ,4,2,コモン,オクタリアン,2022秋,"[[0, 0, 0, 0, 0, 0, 0, 0], [0, 0, 0, 0, 0, 0, 0, 0], [0, 0, 0, 0, 0, 0, 0, 0], [0, 0, 0, 1, 1, 0, 0, 0], [0, 0, 0, 2, 1, 0, 0, 0], [0, 0, 0, 0, 0, 0, 0, 0], [0, 0, 0, 0, 0, 0, 0, 0], [0, 0, 0, 0, 0, 0, 0, 0]]",,https://drive.google.com/uc?export=view&id=1yXWPzkW9WWJTQtfeNFiyKoNl42GXDxbW
136,ビートタコスタンプ,9,4,レア,オクタリアン,2022秋,"[[0, 0, 0, 0, 0, 0, 0, 0], [0, 0, 0, 1, 0, 0, 0, 0], [0, 0, 1, 0, 1, 0, 0, 0], [0, 1, 0, 2, 0, 1, 0, 0], [0, 0, 1, 0, 1, 0, 0, 0], [0, 0, 0, 1, 0, 0, 0, 0], [0, 0, 0, 0, 0, 0, 0, 0], [0, 0, 0, 0, 0, 0, 0, 0]]",,https://drive.google.com/uc?export=view&id=11cghOif79PyyeAX-t4cX0rHm6pB1D-HY
137,タコドーザー,14,5,コモン,オクタリアン,2022秋,"[[0, 0, 0, 0, 0, 0, 0, 0], [0, 0, 0, 0, 0, 0, 0, 0], [0, 1, 2, 1, 1, 1, 0, 0], [0, 1, 0, 1, 0, 1, 0, 0], [0, 1, 0, 1, 0, 1, 0, 0], [0, 1, 0, 1, 0, 1, 0, 0], [0, 0, 0, 0, 0, 0, 0, 0], [0, 0, 0, 0, 0, 0, 0, 0]]",,https://drive.google.com/uc?export=view&id=1kObGsfGu0cvKuop6Ryu63xWbyHDnVsyA
138,タコストライク,13,5,コモン,オクタリアン,2022秋,"[[0, 0, 0, 0, 0, 0, 0, 0], [0, 0, 1, 0, 0, 0, 0, 0], [0, 0, 0, 1, 1, 0, 0, 0], [0, 0, 1, 1, 1, 1, 0, 0], [0, 0, 1, 1, 1, 1, 0, 0], [0, 0, 0, 1, 2, 0, 0, 0], [0, 0, 0, 0, 0, 0, 0, 0], [0, 0, 0, 0, 0, 0, 0, 0]]",,https://drive.google.com/uc?export=view&id=1A0Oxdl7arUKV_pjuQbn15KbvFn4mlDUl
139,タコゾネス,11,4,レア,オクタリアン,2022秋,"[[0, 0, 0, 0, 0, 0, 0, 0], [0, 0, 0, 0, 0, 0, 0, 0], [0, 0, 1, 0, 1, 0, 0, 0], [0, 0, 1, 1, 1, 0, 0, 0], [0, 0, 1, 2, 1, 0, 0, 0], [0, 1, 0, 1, 0, 1, 0, 0], [0, 0, 0, 0, 0, 0, 0, 0], [0, 0, 0, 0, 0, 0, 0, 0]]",,https://drive.google.com/uc?export=view&id=1K8h1a87F6Z1EUcK9YCyFtRdbGNFim2BU
140,DJタコワサ将軍,17,6,フレッシュ,オクタリアン,2022秋,"[[0, 0, 0, 0, 0, 0, 0, 0], [0, 0, 1, 0, 0, 0, 0, 0], [0, 1, 1, 1, 1, 0, 0, 0], [0, 0, 1, 1, 1, 0, 1, 0], [0, 0, 1, 1, 2, 1, 0, 0], [0, 0, 0, 0, 1, 0, 1, 0], [0, 0, 0, 1, 0, 1, 0, 0], [0, 0, 0, 0, 0, 0, 0, 0]]",,https://drive.google.com/uc?export=view&id=1DJMwKaFtc6NAM436NG7UR6mP7o9k6x87
141,シャケ,5,2,コモン,シャケ軍団,2022秋,"[[0, 0, 0, 0, 0, 0, 0, 0], [0, 0, 0, 0, 0, 0, 0, 0], [0, 0, 0, 1, 0, 0, 0, 0], [0, 0, 2, 1, 0, 0, 0, 0], [0, 0, 0, 1, 1, 0, 0, 0], [0, 0, 0, 0, 0, 0, 0, 0], [0, 0, 0, 0, 0, 0, 0, 0], [0, 0, 0, 0, 0, 0, 0, 0]]",,https://drive.google.com/uc?export=view&id=1r19Ps1JC9amIasPmkiVw9BN5sXLgYMg4
142,ドスコイ,9,4,コモン,シャケ軍団,2022秋,"[[0, 0, 0, 0, 0, 0, 0, 0], [0, 0, 0, 0, 0, 0, 0, 0], [0, 0, 0, 0, 1, 0, 0, 0], [0, 0, 0, 1, 1, 0, 0, 0], [0, 0, 2, 1, 1, 0, 0, 0], [0, 0, 0, 1, 1, 1, 0, 0], [0, 0, 0, 0, 0, 0, 0, 0], [0, 0, 0, 0, 0, 0, 0, 0]]",,https://drive.google.com/uc?export=view&id=1zd2eRz9P5B5ZUgPP-Nd13DOZj7ci4-Mc
143,タマヒロイ,6,3,コモン,シャケ軍団,2022秋,"[[0, 0, 0, 0, 0, 0, 0, 0], [0, 0, 0, 0, 0, 0, 0, 0], [0, 0, 0, 1, 0, 0, 0, 0], [0, 0, 1, 1, 0, 0, 0, 0], [0, 0, 0, 1, 0, 0, 0, 0], [0, 0, 1, 0, 2, 0, 0, 0], [0, 0, 0, 0, 0, 0, 0, 0], [0, 0, 0, 0, 0, 0, 0, 0]]",,https://drive.google.com/uc?export=view&id=11WGUmqbzthajbgFqmVcJU5L7dbeYaNSM
144,バクダン,12,5,コモン,シャケ軍団,2022秋,"[[0, 0, 0, 0, 0, 0, 0, 0], [0, 0, 2, 0, 0, 0, 0, 0], [0, 1, 1, 1, 0, 0, 0, 0], [0, 0, 1, 1, 1, 0, 0, 0], [0, 0, 0, 1, 1, 0, 0, 0], [0, 0, 0, 1, 1, 1, 0, 0], [0, 0, 0, 0, 0, 0, 0, 0], [0, 0, 0, 0, 0, 0, 0, 0]]",,https://drive.google.com/uc?export=view&id=15EOBfI2XDfKLsJuh3WBnwwhZm6KnEYyb
145,ヘビ,10,4,コモン,シャケ軍団,2022秋,"[[0, 0, 0, 0, 0, 0, 0, 0], [0, 0, 0, 0, 0, 0, 0, 0], [0, 0, 0, 0, 0, 0, 0, 0], [1, 2, 1, 1, 1, 1, 0, 0], [1, 1, 0, 0, 0, 1, 1, 0], [0, 0, 0, 0, 0, 0, 0, 0], [0, 0, 0, 0, 0, 0, 0, 0], [0, 0, 0, 0, 0, 0, 0, 0]]",,https://drive.google.com/uc?export=view&id=1hOerNDYn8wd_aerLUWaq-SHEwVGPWQ5j
146,テッパン,10,4,コモン,シャケ軍団,2022秋,"[[0, 0, 0, 0, 0, 0, 0, 0], [0, 0, 0, 0, 0, 0, 0, 0], [0, 0, 0, 1, 2, 0, 0, 0], [0, 1, 0, 1, 1, 0, 1, 0], [0, 0, 1, 1, 1, 1, 0, 0], [0, 0, 0, 0, 0, 0, 0, 0], [0, 0, 0, 0, 0, 0, 0, 0], [0, 0, 0, 0, 0, 0, 0, 0]]",,https://drive.google.com/uc?export=view&id=1s0SRGswgk4weoTqTgyqeIRkPbx_AVhbZ
147,タワー,7,3,コモン,シャケ軍団,2022秋,"[[0, 0, 0, 0, 0, 0, 0, 0], [0, 0, 0, 2, 1, 0, 0, 0], [0, 0, 0, 0, 1, 0, 0, 0], [0, 0, 0, 0, 1, 0, 0, 0], [0, 0, 0, 0, 1, 0, 0, 0], [0, 0, 0, 0, 1, 0, 0, 0], [0, 0, 0, 0, 1, 0, 0, 0], [0, 0, 0, 0, 0, 0, 0, 0]]",,https://drive.google.com/uc?export=view&id=1G2sYBjTyUbYLcSNMTPL5gV8SNXBS5xug
148,モグラ,12,5,コモン,シャケ軍団,2022秋,"[[0, 0, 0, 0, 0, 0, 0, 0], [0, 0, 0, 0, 0, 0, 0, 0], [0, 0, 1, 0, 0, 1, 0, 0], [0, 1, 1, 0, 0, 1, 1, 0], [0, 1, 1, 1, 1, 2, 1, 0], [0, 0, 0, 0, 0, 0, 0, 0], [0, 0, 0, 0, 0, 0, 0, 0], [0, 0, 0, 0, 0, 0, 0, 0]]",,https://drive.google.com/uc?export=view&id=1nDWVArQjRlJnKBVLeWGmI3aaAjuIhSJe
149,コウモリ,12,5,コモン,シャケ軍団,2022秋,"[[0, 0, 0, 0, 0, 0, 0, 0], [0, 0, 0, 0, 0, 0, 0, 0], [0, 0, 0, 1, 0, 0, 0, 0], [0, 0, 1, 1, 1, 0, 0, 0], [0, 1, 1, 1, 1, 1, 0, 0], [0, 1, 0, 2, 0, 1, 0, 0], [0, 0, 0, 0, 0, 0, 0, 0], [0, 0, 0, 0, 0, 0, 0, 0]]",,https://drive.google.com/uc?export=view&id=1L47O90mhTSPlojH1c9KbF_WcRih26KqH
150,カタパッド,13,5,コモン,シャケ軍団,2022秋,"[[0, 0, 0, 0, 0, 0, 0, 0], [0, 0, 0, 0, 0, 0, 0, 0], [0, 1, 1, 0, 1, 1, 0, 0], [0, 1, 1, 2, 1, 1, 0, 0], [0, 1, 1, 0, 1, 1, 0, 0], [0, 0, 0, 0, 0, 0, 0, 0], [0, 0, 0, 0, 0, 0, 0, 0], [0, 0, 0, 0, 0, 0, 0, 0]]",,https://drive.google.com/uc?export=view&id=1xAHGz9L6m1ebwQElWvIad0CKjnFI6OHt
151,ハシラ,9,4,コモン,シャケ軍団,2022秋,"[[0, 0, 0, 0, 0, 0, 0, 0], [0, 1, 1, 0, 1, 1, 0, 0], [0, 0, 0, 1, 0, 0, 0, 0], [0, 0, 0, 1, 0, 0, 0, 0], [0, 0, 0, 1, 0, 0, 0, 0], [0, 0, 0, 2, 0, 0, 0, 0], [0, 0, 0, 1, 0, 0, 0, 0], [0, 0, 0, 0, 0, 0, 0, 0]]",,https://drive.google.com/uc?export=view&id=1wbaBe81y584cjRigVISQ1gXRnXguBV_l
152,ダイバー,12,5,コモン,シャケ軍団,2022秋,"[[0, 0, 0, 0, 0, 0, 0, 0], [0, 0, 0, 1, 0, 1, 0, 0], [0, 0, 0, 0, 1, 0, 0, 0], [0, 0, 1, 1, 1, 0, 0, 0], [0, 0, 0, 1, 1, 1, 0, 0], [0, 0, 0, 2, 1, 0, 0, 0], [0, 0, 0, 0, 1, 0, 0, 0], [0, 0, 0, 0, 0, 0, 0, 0]]",,https://drive.google.com/uc?export=view&id=1T_kFtMJTgPIv4y0KIf9OLLqfl3QsdYOh
153,ナベブタ,6,3,コモン,シャケ軍団,2022秋,"[[0, 0, 0, 0, 0, 0, 0, 0], [0, 0, 0, 0, 0, 0, 0, 0], [0, 0, 0, 0, 0, 0, 0, 0], [0, 0, 0, 2, 0, 0, 0, 0], [0, 1, 1, 1, 1, 1, 0, 0], [0, 0, 0, 0, 0, 0, 0, 0], [0, 0, 0, 0, 0, 0, 0, 0], [0, 0, 0, 0, 0, 0, 0, 0]]",,https://drive.google.com/uc?export=view&id=1USxuEguokxKQv5dBqiC-TTzok-YCcWoR
154,テッキュウ,13,5,コモン,シャケ軍団,2022秋,"[[0, 0, 0, 0, 0, 0, 0, 0], [0, 0, 0, 0, 0, 0, 0, 0], [0, 0, 0, 0, 1, 0, 0, 0], [0, 0, 0, 1, 1, 1, 0, 0], [0, 2, 1, 0, 1, 1, 0, 0], [0, 1, 1, 0, 1, 1, 1, 0], [0, 0, 0, 0, 0, 0, 0, 0], [0, 0, 0, 0, 0, 0, 0, 0]]",,https://drive.google.com/uc?export=view&id=1EOEjyqRq8qlApCXKvVyN03rDGw615cY_
155,キンシャケ,12,5,レア,シャケ軍団,2022秋,"[[0, 0, 0, 0, 0, 0, 0, 0], [0, 0, 0, 1, 0, 0, 0, 0], [0, 1, 1, 0, 0, 0, 0, 0], [0, 0, 1, 0, 1, 0, 0, 0], [0, 1, 1, 2, 0, 1, 0, 0], [0, 0, 1, 1, 1, 0, 0, 0], [0, 0, 0, 0, 0, 0, 0, 0], [0, 0, 0, 0, 0, 0, 0, 0]]",,https://drive.google.com/uc?export=view&id=1bI_yriFJlIivIQefBgCStURRMOl9zXyW
156,グリル,13,5,レア,シャケ軍団,2022秋,"[[0, 0, 0, 0, 0, 0, 0, 0], [0, 0, 0, 0, 0, 0, 0, 0], [0, 0, 1, 1, 1, 1, 0, 0], [0, 2, 1, 1, 1, 1, 0, 0], [0, 0, 0, 1, 1, 0, 0, 0], [0, 0, 1, 0, 0, 1, 0, 0], [0, 0, 0, 0, 0, 0, 0, 0], [0, 0, 0, 0, 0, 0, 0, 0]]",,https://drive.google.com/uc?export=view&id=1vcuqTcFksgdHykfb8fx9JVzSVeUR8yc5
157,ハコビヤ,12,5,レア,シャケ軍団,2022秋,"[[0, 0, 0, 0, 0, 0, 0, 0], [0, 0, 0, 0, 0, 0, 0, 0], [0, 1, 1, 1, 1, 1, 0, 0], [0, 1, 1, 1, 1, 1, 0, 0], [0, 0, 0, 1, 0, 0, 0, 0], [0, 0, 0, 2, 0, 0, 0, 0], [0, 0, 0, 0, 0, 0, 0, 0], [0, 0, 0, 0, 0, 0, 0, 0]]",,https://drive.google.com/uc?export=view&id=18rffMYkeCQPOWxg3KRQMGDXE6jiuXBZV
158,ドロシャケ,13,5,レア,シャケ軍団,2022秋,"[[0, 0, 0, 0, 0, 0, 0, 0], [0, 0, 0, 1, 0, 0, 0, 0], [0, 0, 1, 0, 1, 0, 0, 0], [0, 0, 1, 0, 1, 0, 0, 0], [0, 0, 1, 0, 1, 0, 0, 0], [0, 0, 1, 2, 1, 0, 0, 0], [0, 0, 1, 1, 1, 0, 0, 0], [0, 0, 0, 0, 0, 0, 0, 0]]",,https://drive.google.com/uc?export=view&id=1xbrntIfH9dOfrEdu2T3_UVXYtQ1vPo7K
159,デンチナマズ,9,4,コモン,オブジェクト,2022秋,"[[0, 0, 0, 0, 0, 0, 0, 0], [0, 0, 0, 0, 0, 0, 0, 0], [0, 0, 0, 0, 0, 1, 0, 0], [0, 0, 0, 1, 1, 0, 0, 0], [0, 0, 0, 1, 2, 1, 0, 0], [0, 0, 1, 0, 1, 1, 0, 0], [0, 0, 0, 0, 0, 0, 0, 0], [0, 0, 0, 0, 0, 0, 0, 0]]",,https://drive.google.com/uc?export=view&id=14jAyLhC8C5OLoxs1DjYf1Q1EMmHVvQEZ
160,ガチヤグラ,13,5,レア,オブジェクト,2022秋,"[[0, 0, 0, 0, 0, 0, 0, 0], [0, 0, 0, 1, 0, 0, 0, 0], [0, 0, 0, 1, 0, 0, 0, 0], [0, 1, 1, 2, 1, 1, 0, 0], [0, 0, 1, 1, 1, 0, 0, 0], [0, 0, 1, 1, 1, 0, 0, 0], [0, 0, 0, 0, 0, 0, 0, 0], [0, 0, 0, 0, 0, 0, 0, 0]]",,https://drive.google.com/uc?export=view&id=1r2nrx9FNbKN4BdNFfHxBywksqFL99B1i
161,ガチホコ,12,5,レア,オブジェクト,2022秋,"[[0, 0, 0, 0, 0, 0, 0, 0], [0, 0, 0, 1, 0, 0, 0, 0], [0, 0, 1, 0, 0, 0, 0, 0], [0, 0, 1, 2, 1, 1, 0, 0], [0, 1, 1, 1, 1, 0, 0, 0], [0, 0, 0, 0, 1, 1, 0, 0], [0, 0, 0, 0, 0, 0, 0, 0], [0, 0, 0, 0, 0, 0, 0, 0]]",,https://drive.google.com/uc?export=view&id=1LF75xdcOiIB8ecDiQjaK4mUDNliPHJdF
162,ガチアサリ,11,4,レア,オブジェクト,2022秋,"[[0, 0, 0, 0, 0, 0, 0, 0], [0, 0, 0, 0, 0, 0, 0, 0], [0, 0, 2, 1, 1, 0, 0, 0], [0, 1, 1, 1, 1, 1, 0, 0], [0, 0, 1, 1, 1, 0, 0, 0], [0, 0, 0, 0, 0, 0, 0, 0], [0, 0, 0, 0, 0, 0, 0, 0], [0, 0, 0, 0, 0, 0, 0, 0]]",,https://drive.google.com/uc?export=view&id=1YLd2ft5XndtoX4R3ab--SHFUt_Ff723l
163,もみじシューター,4,2,コモン,メインウェポン,2022冬 Chill Season,"[[0, 0, 0, 0, 0, 0, 0, 0], [0, 0, 0, 0, 0, 0, 0, 0], [0, 0, 0, 0, 0, 0, 0, 0], [0, 0, 1, 2, 1, 0, 0, 0], [0, 0, 0, 0, 1, 0, 0, 0], [0, 0, 0, 0, 0, 0, 0, 0], [0, 0, 0, 0, 0, 0, 0, 0], [0, 0, 0, 0, 0, 0, 0, 0]]",,https://drive.google.com/uc?export=view&id=1wnGEz3PMA_X055K8OsTtWFnXvqoBOkRq
164,プロモデラーRG,7,3,コモン,メインウェポン,2022冬 Chill Season,"[[0, 0, 0, 0, 0, 0, 0, 0], [0, 0, 0, 0, 0, 0, 0, 0], [0, 0, 0, 0, 2, 1, 0, 0], [0, 0, 1, 1, 1, 1, 0, 0], [0, 0, 0, 0, 1, 0, 0, 0], [0, 0, 0, 0, 0, 0, 0, 0], [0, 0, 0, 0, 0, 0, 0, 0], [0, 0, 0, 0, 0, 0, 0, 0]]",,https://drive.google.com/uc?export=view&id=1KLN_EEXFkiuVDzcQdn9lpA5LXw-_YJM5
165,スプラシューターコラボ,8,3,コモン,メインウェポン,2022冬 Chill Season,"[[0, 0, 0, 0, 0, 0, 0, 0], [0, 0, 0, 0, 0, 0, 0, 0], [0, 0, 0, 2, 1, 1, 0, 0], [0, 0, 1, 1, 1, 1, 0, 0], [0, 0, 0, 0, 0, 1, 0, 0], [0, 0, 0, 0, 0, 0, 0, 0], [0, 0, 0, 0, 0, 0, 0, 0], [0, 0, 0, 0, 0, 0, 0, 0]]",,https://drive.google.com/uc?export=view&id=1-Dyaw0Sys7gUriCwpFObSyJqKdeJb9ev
166,プライムシューターコラボ,9,4,コモン,メインウェポン,2022冬 Chill Season,"[[0, 0, 0, 0, 0, 0, 0, 0], [0, 0, 0, 0, 0, 0, 0, 0], [0, 0, 2, 1, 0, 0, 0, 0], [0, 1, 1, 1, 1, 1, 1, 0], [0, 0, 0, 0, 1, 0, 0, 0], [0, 0, 0, 0, 0, 0, 0, 0], [0, 0, 0, 0, 0, 0, 0, 0], [0, 0, 0, 0, 0, 0, 0, 0]]",,https://drive.google.com/uc?export=view&id=1jKvVDzwGdadtMT3jcjfDJv0JxL-NC9XJ
167,スペースシューター,10,4,コモン,メインウェポン,2022冬 Chill Season,"[[0, 0, 0, 0, 0, 0, 0, 0], [0, 0, 0, 0, 0, 0, 0, 0], [0, 1, 1, 1, 1, 0, 0, 0], [0, 1, 1, 1, 1, 2, 0, 0], [0, 0, 1, 0, 0, 0, 0, 0], [0, 0, 0, 0, 0, 0, 0, 0], [0, 0, 0, 0, 0, 0, 0, 0], [0, 0, 0, 0, 0, 0, 0, 0]]",,https://drive.google.com/uc?export=view&id=1MYo-uNE8mt-C0fgDWD7cg7dc88XslEGG
168,ノヴァブラスターネオ,7,3,コモン,メインウェポン,2022冬 Chill Season,"[[0, 0, 0, 0, 0, 0, 0, 0], [0, 0, 0, 0, 0, 0, 0, 0], [0, 0, 2, 0, 0, 0, 0, 0], [0, 0, 0, 1, 1, 1, 0, 0], [0, 0, 0, 1, 1, 0, 0, 0], [0, 0, 0, 0, 1, 0, 0, 0], [0, 0, 0, 0, 0, 0, 0, 0], [0, 0, 0, 0, 0, 0, 0, 0]]",,https://drive.google.com/uc?export=view&id=1SiPkSUzIKpHMAXd0PIK7ikF7EaY1crbL
169,カーボンローラーデコ,7,3,コモン,メインウェポン,2022冬 Chill Season,"[[0, 0, 0, 0, 0, 0, 0, 0], [0, 0, 0, 0, 0, 0, 0, 0], [0, 0, 1, 1, 1, 1, 0, 0], [0, 0, 0, 2, 1, 0, 0, 0], [0, 0, 0, 1, 0, 0, 0, 0], [0, 0, 0, 0, 0, 0, 0, 0], [0, 0, 0, 0, 0, 0, 0, 0], [0, 0, 0, 0, 0, 0, 0, 0]]",,https://drive.google.com/uc?export=view&id=1ii0t53tJCX_qzJdtcTQiuWNKlr13fY-F
170,ワイドローラー,9,4,コモン,メインウェポン,2022冬 Chill Season,"[[0, 0, 0, 0, 0, 0, 0, 0], [0, 0, 0, 0, 0, 0, 0, 0], [0, 1, 1, 1, 2, 1, 1, 0], [0, 0, 0, 1, 1, 0, 0, 0], [0, 0, 0, 1, 0, 0, 0, 0], [0, 0, 0, 0, 0, 0, 0, 0], [0, 0, 0, 0, 0, 0, 0, 0], [0, 0, 0, 0, 0, 0, 0, 0]]",,https://drive.google.com/uc?export=view&id=1sFjI_pe7uNGv-vzggsMvqMDBsxKLYQ9Z
171,パブロ・ヒュー,7,3,コモン,メインウェポン,2022冬 Chill Season,"[[0, 0, 0, 0, 0, 0, 0, 0], [0, 1, 2, 0, 0, 0, 0, 0], [0, 1, 1, 0, 0, 0, 0, 0], [0, 0, 0, 1, 0, 0, 0, 0], [0, 0, 0, 0, 1, 0, 0, 0], [0, 0, 0, 0, 0, 1, 0, 0], [0, 0, 0, 0, 0, 0, 0, 0], [0, 0, 0, 0, 0, 0, 0, 0]]",,https://drive.google.com/uc?export=view&id=1bV4yWBdsHOA4I8OCHnwre6x9IwBfxvvf
172,R-PEN/5H,9,4,コモン,メインウェポン,2022冬 Chill Season,"[[0, 0, 0, 0, 0, 0, 0, 0], [0, 0, 0, 0, 0, 0, 0, 0], [0, 1, 0, 0, 0, 0, 0, 0], [1, 1, 1, 1, 1, 2, 1, 0], [0, 0, 1, 0, 0, 0, 0, 0], [0, 0, 0, 0, 0, 0, 0, 0], [0, 0, 0, 0, 0, 0, 0, 0], [0, 0, 0, 0, 0, 0, 0, 0]]",,https://drive.google.com/uc?export=view&id=1vFnoFiP5xbGqdqnipL9kVUynGbhBiQ89
173,バケットスロッシャーデコ,6,3,コモン,メインウェポン,2022冬 Chill Season,"[[0, 0, 0, 0, 0, 0, 0, 0], [0, 0, 0, 0, 0, 0, 0, 0], [0, 0, 0, 0, 1, 0, 0, 0], [0, 0, 1, 2, 0, 0, 0, 0], [0, 0, 1, 1, 1, 0, 0, 0], [0, 0, 0, 0, 0, 0, 0, 0], [0, 0, 0, 0, 0, 0, 0, 0], [0, 0, 0, 0, 0, 0, 0, 0]]",,https://drive.google.com/uc?export=view&id=1SFLhSCobNEiXaF89uzV3NBqpRZdP3W9O
174,スプラスピナーコラボ,7,3,コモン,メインウェポン,2022冬 Chill Season,"[[0, 0, 0, 0, 0, 0, 0, 0], [0, 0, 0, 0, 0, 0, 0, 0], [0, 0, 0, 0, 0, 0, 0, 0], [0, 2, 1, 1, 1, 1, 0, 0], [0, 0, 0, 0, 1, 1, 0, 0], [0, 0, 0, 0, 0, 0, 0, 0], [0, 0, 0, 0, 0, 0, 0, 0], [0, 0, 0, 0, 0, 0, 0, 0]]",,https://drive.google.com/uc?export=view&id=1dCmge4eRmlGswAxPdxfxk1VWbJm3piiS
175,スパッタリー・ヒュー,7,3,コモン,メインウェポン,2022冬 Chill Season,"[[0, 0, 0, 0, 0, 0, 0, 0], [0, 0, 0, 0, 0, 0, 0, 0], [0, 0, 1, 1, 1, 0, 0, 0], [0, 0, 2, 0, 1, 0, 0, 0], [0, 0, 1, 1, 0, 0, 0, 0], [0, 0, 0, 0, 0, 0, 0, 0], [0, 0, 0, 0, 0, 0, 0, 0], [0, 0, 0, 0, 0, 0, 0, 0]]",,https://drive.google.com/uc?export=view&id=14yxjs4Au-qpj2WaxyCs7ROiM0hWr3kO-
176,ボールドマーカーネオ,9,4,コモン,メインウェポン,2023春 Fresh Season,"[[0, 0, 0, 0, 0, 0, 0, 0], [0, 0, 0, 0, 0, 0, 0, 0], [0, 0, 1, 0, 2, 1, 0, 0], [0, 0, 1, 1, 1, 1, 0, 0], [0, 0, 1, 0, 1, 0, 0, 0], [0, 0, 0, 0, 0, 0, 0, 0], [0, 0, 0, 0, 0, 0, 0, 0], [0, 0, 0, 0, 0, 0, 0, 0]]",,https://drive.google.com/uc?export=view&id=1ly4uopZwpvFcawIPc0N-wP9UgzFivCvB
177,シャープマーカーネオ,7,3,コモン,メインウェポン,2023春 Fresh Season,"[[0, 0, 0, 0, 0, 0, 0, 0], [0, 0, 0, 0, 0, 0, 0, 0], [0, 0, 0, 1, 0, 0, 0, 0], [0, 0, 2, 1, 1, 1, 0, 0], [0, 0, 0, 1, 1, 0, 0, 0], [0, 0, 0, 0, 0, 0, 0, 0], [0, 0, 0, 0, 0, 0, 0, 0], [0, 0, 0, 0, 0, 0, 0, 0]]",,https://drive.google.com/uc?export=view&id=1xfn-jlVY-MKqhN3EhQHdBdjgHzkxS8Iu
178,N-ZAP89,5,2,コモン,メインウェポン,2023春 Fresh Season,"[[0, 0, 0, 0, 0, 0, 0, 0], [0, 0, 0, 0, 0, 0, 0, 0], [0, 0, 0, 0, 0, 0, 0, 0], [0, 0, 1, 2, 1, 1, 0, 0], [0, 0, 0, 0, 0, 1, 0, 0], [0, 0, 0, 0, 0, 0, 0, 0], [0, 0, 0, 0, 0, 0, 0, 0], [0, 0, 0, 0, 0, 0, 0, 0]]",,https://drive.google.com/uc?export=view&id=1VFBhkwbfsAjamJMx6v2zwgwJ8Zwe5tYC
179,.96ガロンデコ,10,4,コモン,メインウェポン,2023春 Fresh Season,"[[0, 0, 0, 0, 0, 0, 0, 0], [0, 0, 0, 0, 0, 0, 0, 0], [0, 2, 1, 1, 1, 1, 1, 0], [0, 0, 0, 1, 1, 1, 0, 0], [0, 0, 0, 0, 0, 0, 1, 0], [0, 0, 0, 0, 0, 0, 0, 0], [0, 0, 0, 0, 0, 0, 0, 0], [0, 0, 0, 0, 0, 0, 0, 0]]",,https://drive.google.com/uc?export=view&id=1E6mzSIURGUIenNBKAM1_5E2IeJebReEz
180,ジェットスイーパーカスタム,10,4,コモン,メインウェポン,2023春 Fresh Season,"[[0, 0, 0, 0, 0, 0, 0, 0], [0, 0, 0, 0, 0, 0, 0, 0], [0, 1, 1, 1, 1, 2, 1, 0], [0, 0, 0, 0, 0, 0, 1, 0], [0, 0, 0, 0, 1, 1, 1, 0], [0, 0, 0, 0, 0, 0, 0, 0], [0, 0, 0, 0, 0, 0, 0, 0], [0, 0, 0, 0, 0, 0, 0, 0]]",,https://drive.google.com/uc?export=view&id=1Ply7EfqQ6frGdUqwwHJbBlqQBAWDOPkI
181,クラッシュブラスターネオ,8,3,コモン,メインウェポン,2023春 Fresh Season,"[[0, 0, 0, 0, 0, 0, 0, 0], [0, 0, 0, 0, 0, 0, 0, 0], [0, 0, 1, 1, 1, 0, 0, 0], [0, 0, 2, 1, 1, 1, 0, 0], [0, 0, 0, 0, 0, 1, 0, 0], [0, 0, 0, 0, 0, 0, 0, 0], [0, 0, 0, 0, 0, 0, 0, 0], [0, 0, 0, 0, 0, 0, 0, 0]]",,https://drive.google.com/uc?export=view&id=1fRyghXppr8_JxwSgd3fp8lYxoO1opES2
182,ラピッドブラスターデコ,8,3,コモン,メインウェポン,2023春 Fresh Season,"[[0, 0, 0, 0, 0, 0, 0, 0], [0, 0, 0, 0, 0, 0, 0, 0], [0, 0, 1, 2, 1, 1, 0, 0], [0, 0, 0, 1, 1, 1, 0, 0], [0, 0, 0, 0, 0, 1, 0, 0], [0, 0, 0, 0, 0, 0, 0, 0], [0, 0, 0, 0, 0, 0, 0, 0], [0, 0, 0, 0, 0, 0, 0, 0]]",,https://drive.google.com/uc?export=view&id=1c_L5MSW2RbFV8PZDcMHcgjkv0YdsVym4
183,L3リールガンD,7,3,コモン,メインウェポン,2023春 Fresh Season,"[[0, 0, 0, 0, 0, 0, 0, 0], [0, 0, 0, 0, 0, 0, 0, 0], [0, 0, 1, 1, 2, 1, 0, 0], [0, 0, 0, 0, 1, 1, 0, 0], [0, 0, 0, 0, 0, 1, 0, 0], [0, 0, 0, 0, 0, 0, 0, 0], [0, 0, 0, 0, 0, 0, 0, 0], [0, 0, 0, 0, 0, 0, 0, 0]]",,https://drive.google.com/uc?export=view&id=1Ux-5dB-Fd-Fkd4wfYKY0rSDyfEooJjg3
184,スプラローラーコラボ,9,4,コモン,メインウェポン,2023春 Fresh Season,"[[0, 0, 0, 0, 0, 0, 0, 0], [0, 0, 0, 0, 0, 0, 0, 0], [0, 1, 1, 2, 1, 1, 0, 0], [0, 1, 1, 1, 0, 0, 0, 0], [0, 0, 0, 1, 0, 0, 0, 0], [0, 0, 0, 0, 0, 0, 0, 0], [0, 0, 0, 0, 0, 0, 0, 0], [0, 0, 0, 0, 0, 0, 0, 0]]",,https://drive.google.com/uc?export=view&id=1SAsdiD3BphxoQ3y9nrZhtDdEyjXA_66Q
185,スプラチャージャーコラボ,8,3,コモン,メインウェポン,2023春 Fresh Season,"[[0, 0, 0, 0, 0, 0, 0, 0], [0, 0, 0, 0, 0, 0, 0, 0], [0, 0, 0, 0, 0, 0, 0, 0], [1, 1, 1, 1, 1, 1, 1, 0], [0, 0, 0, 0, 2, 0, 0, 0], [0, 0, 0, 0, 0, 0, 0, 0], [0, 0, 0, 0, 0, 0, 0, 0], [0, 0, 0, 0, 0, 0, 0, 0]]",,https://drive.google.com/uc?export=view&id=1GNDxmQqGmmXRDe91QBERU-Oi06qMA0GS
186,スプラスコープコラボ,10,4,コモン,メインウェポン,2023春 Fresh Season,"[[0, 0, 0, 0, 0, 0, 0, 0], [0, 0, 0, 0, 0, 0, 0, 0], [0, 0, 0, 2, 1, 0, 0, 0], [1, 1, 1, 1, 1, 1, 1, 0], [0, 0, 0, 0, 1, 0, 0, 0], [0, 0, 0, 0, 0, 0, 0, 0], [0, 0, 0, 0, 0, 0, 0, 0], [0, 0, 0, 0, 0, 0, 0, 0]]",,https://drive.google.com/uc?export=view&id=1ZzsREBRb1jyIb5LgU8QuxnGTnHbbavI1
187,ヒッセン・ヒュー,5,2,コモン,メインウェポン,2023春 Fresh Season,"[[0, 0, 0, 0, 0, 0, 0, 0], [0, 0, 0, 0, 0, 0, 0, 0], [0, 0, 0, 0, 1, 0, 0, 0], [0, 0, 0, 2, 1, 0, 0, 0], [0, 0, 0, 1, 1, 0, 0, 0], [0, 0, 0, 0, 0, 0, 0, 0], [0, 0, 0, 0, 0, 0, 0, 0], [0, 0, 0, 0, 0, 0, 0, 0]]",,https://drive.google.com/uc?export=view&id=1OnOpQtrc-HemmNAfMG6Sc0WqbObUWSLy
188,テイオウイカ,12,3,レア,スペシャルウェポン,2023春 Fresh Season,"[[0, 0, 0, 0, 0, 0, 0, 0], [0, 1, 0, 0, 0, 0, 0, 0], [0, 0, 1, 1, 1, 0, 0, 0], [0, 0, 1, 1, 0, 0, 0, 0], [0, 0, 1, 0, 1, 1, 0, 0], [0, 0, 0, 0, 1, 0, 1, 0], [0, 0, 0, 0, 0, 1, 0, 0], [0, 0, 0, 0, 0, 0, 0, 0]]",,https://drive.google.com/uc?export=view&id=1kko4-391pu-eW2YF4oLbq0CXIc7BQu_O
189,デコイチラシ,12,3,レア,スペシャルウェポン,2023春 Fresh Season,"[[0, 0, 0, 0, 0, 0, 0, 0], [0, 1, 1, 1, 0, 0, 0, 0], [0, 1, 1, 1, 0, 0, 0, 0], [0, 1, 1, 1, 0, 1, 0, 0], [0, 0, 0, 0, 1, 0, 0, 0], [0, 0, 0, 1, 0, 0, 0, 0], [0, 0, 0, 0, 0, 0, 0, 0], [0, 0, 0, 0, 0, 0, 0, 0]]",,https://drive.google.com/uc?export=view&id=1a2w8pP2pGZ4Qv31zF8DrUpZC8FdGALV6
190,マメブキチ&ツブブキチ,12,5,レア,NPC,2023春 Fresh Season,"[[0, 0, 0, 0, 0, 0, 0, 0], [0, 0, 0, 0, 1, 1, 1, 0], [0, 0, 0, 0, 2, 1, 0, 0], [0, 0, 0, 0, 1, 0, 0, 0], [0, 1, 1, 1, 0, 0, 0, 0], [0, 1, 1, 0, 0, 0, 0, 0], [0, 1, 0, 0, 0, 0, 0, 0], [0, 0, 0, 0, 0, 0, 0, 0]]",,https://drive.google.com/uc?export=view&id=1fhAMq3tMQtpWYVgFRiA-FWTqGoyrjkBV
191,アネモ,13,5,レア,NPC,2023春 Fresh Season,"[[0, 0, 0, 0, 0, 0, 0, 0], [0, 1, 0, 1, 0, 1, 0, 0], [0, 0, 2, 0, 1, 0, 0, 0], [0, 1, 0, 1, 0, 1, 0, 0], [0, 0, 1, 1, 1, 0, 0, 0], [0, 1, 0, 0, 0, 1, 0, 0], [0, 0, 0, 0, 0, 0, 0, 0], [0, 0, 0, 0, 0, 0, 0, 0]]",,https://drive.google.com/uc?export=view&id=15x_CUqJ-WMxEqjyNgXVlEmws5d8f-HTQ
192,エチゼン,12,5,レア,NPC,2023春 Fresh Season,"[[0, 0, 0, 0, 0, 0, 0, 0], [0, 0, 0, 1, 0, 0, 0, 0], [0, 0, 1, 1, 1, 0, 0, 0], [0, 0, 2, 1, 1, 0, 0, 0], [0, 1, 0, 1, 0, 1, 0, 0], [0, 0, 1, 0, 1, 0, 0, 0], [0, 0, 0, 0, 0, 0, 0, 0], [0, 0, 0, 0, 0, 0, 0, 0]]",,https://drive.google.com/uc?export=view&id=1j2rjpW5OnJ9pQLc1JQtDq3OePadxl6l6
193,アジオ,11,4,レア,NPC,2023春 Fresh Season,"[[0, 0, 0, 0, 0, 0, 0, 0], [0, 0, 1, 0, 0, 0, 0, 0], [0, 1, 1, 0, 0, 0, 0, 0], [0, 0, 0, 1, 2, 1, 0, 0], [0, 0, 0, 1, 1, 1, 0, 0], [0, 0, 0, 1, 1, 0, 0, 0], [0, 0, 0, 0, 0, 0, 0, 0], [0, 0, 0, 0, 0, 0, 0, 0]]",,https://drive.google.com/uc?export=view&id=1INclVjFbpThfpACQ13XKt2ob3VUbFi-L
194,ダウニー,13,5,レア,NPC,2023春 Fresh Season,"[[0, 0, 0, 0, 0, 0, 0, 0], [0, 1, 0, 1, 0, 1, 0, 0], [0, 0, 1, 0, 1, 0, 0, 0], [0, 1, 0, 1, 0, 1, 0, 0], [0, 0, 1, 0, 2, 0, 0, 0], [0, 1, 0, 1, 0, 1, 0, 0], [0, 0, 0, 0, 0, 0, 0, 0], [0, 0, 0, 0, 0, 0, 0, 0]]",,https://drive.google.com/uc?export=view&id=19NFBEG1woXG3iZjFbK0tkxe_d0XQ3oQx
195,踊るギャングスターウツホ,14,5,フレッシュ,NPC,2023春 Fresh Season,"[[0, 0, 0, 0, 0, 0, 0, 0], [0, 0, 0, 0, 0, 0, 0, 0], [0, 0, 1, 1, 1, 0, 0, 0], [0, 1, 1, 2, 1, 1, 1, 0], [0, 0, 0, 0, 0, 0, 1, 0], [0, 0, 0, 1, 1, 1, 1, 0], [0, 0, 0, 0, 0, 0, 0, 0], [0, 0, 0, 0, 0, 0, 0, 0]]",,https://drive.google.com/uc?export=view&id=1DE7PHNeb0PUsVemkXPQL9ApVn1J_qhUD
196,サメ使いのフウカ,14,5,フレッシュ,NPC,2023春 Fresh Season,"[[0, 0, 0, 0, 0, 0, 0, 0], [0, 0, 0, 0, 0, 0, 0, 0], [0, 0, 0, 0, 0, 1, 0, 0], [0, 1, 1, 1, 1, 1, 0, 1], [0, 0, 1, 1, 2, 1, 1, 0], [0, 0, 0, 0, 1, 0, 0, 1], [0, 0, 0, 0, 0, 0, 0, 0], [0, 0, 0, 0, 0, 0, 0, 0]]",,https://drive.google.com/uc?export=view&id=1jgYXxSFs1ur5c-f-osAQTd9YlLMNEvzi
197,ふしぎせいぶつマンタロー,14,5,フレッシュ,NPC,2023春 Fresh Season,"[[0, 0, 0, 0, 0, 0, 0, 0], [0, 0, 0, 0, 0, 1, 0, 0], [0, 0, 0, 1, 1, 1, 0, 0], [0, 0, 1, 1, 2, 0, 0, 0], [0, 0, 1, 1, 1, 0, 0, 0], [0, 1, 1, 0, 0, 1, 0, 0], [0, 0, 0, 0, 0, 0, 1, 0], [0, 0, 0, 0, 0, 0, 0, 0]]",,https://drive.google.com/uc?export=view&id=15D0AuaWRtcV0azAbBMWKq4b1TJGSmm4B
198,エゾッコリー,11,4,レア,ブランド,2023春 Fresh Season,"[[0, 0, 0, 0, 0, 0, 0, 0], [0, 0, 0, 0, 0, 0, 0, 0], [0, 0, 0, 1, 1, 1, 0, 0], [0, 0, 0, 0, 0, 1, 0, 0], [0, 0, 0, 2, 1, 1, 0, 0], [0, 0, 1, 1, 1, 1, 0, 0], [0, 0, 0, 0, 0, 0, 0, 0], [0, 0, 0, 0, 0, 0, 0, 0]]",,https://drive.google.com/uc?export=view&id=19yeN4fdzxUmxAFTpLyzxbIhrGApS3YE2
199,スペースシューターコラボ,10,4,コモン,メインウェポン,2023夏 Sizzle Season,"[[0, 0, 0, 0, 0, 0, 0, 0], [0, 0, 0, 0, 0, 0, 0, 0], [0, 0, 1, 1, 1, 1, 0, 0], [0, 2, 1, 1, 1, 1, 0, 0], [0, 0, 0, 0, 1, 0, 0, 0], [0, 0, 0, 0, 0, 0, 0, 0], [0, 0, 0, 0, 0, 0, 0, 0], [0, 0, 0, 0, 0, 0, 0, 0]]",,https://drive.google.com/uc?export=view&id=1BL62Tuh-M_sjJeNS2ps8cjavABJbHPp2
200,Rブラスターエリートデコ,9,4,コモン,メインウェポン,2023夏 Sizzle Season,"[[0, 0, 0, 0, 0, 0, 0, 0], [0, 0, 0, 0, 0, 0, 0, 0], [0, 1, 1, 1, 1, 1, 0, 0], [0, 0, 0, 2, 1, 1, 0, 0], [0, 0, 0, 0, 0, 1, 0, 0], [0, 0, 0, 0, 0, 0, 0, 0], [0, 0, 0, 0, 0, 0, 0, 0], [0, 0, 0, 0, 0, 0, 0, 0]]",,https://drive.google.com/uc?export=view&id=1Xx034nSlL9VQ4nFEalwt04AskcsAVNBx
201,S-BLAST92,9,4,コモン,メインウェポン,2023夏 Sizzle Season,"[[0, 0, 0, 0, 0, 0, 0, 0], [0, 0, 0, 0, 0, 0, 0, 0], [0, 0, 0, 1, 1, 2, 0, 0], [0, 1, 1, 1, 1, 1, 0, 0], [0, 0, 1, 0, 0, 0, 0, 0], [0, 0, 0, 0, 0, 0, 0, 0], [0, 0, 0, 0, 0, 0, 0, 0], [0, 0, 0, 0, 0, 0, 0, 0]]",,https://drive.google.com/uc?export=view&id=1Ns4ZjSKMJhw_jDPS1tXLfNfL2bkAR9OV
202,H3リールガンD,8,3,コモン,メインウェポン,2023夏 Sizzle Season,"[[0, 0, 0, 0, 0, 0, 0, 0], [0, 0, 0, 0, 0, 0, 0, 0], [0, 1, 2, 1, 1, 1, 0, 0], [0, 0, 0, 0, 1, 1, 0, 0], [0, 0, 0, 0, 0, 1, 0, 0], [0, 0, 0, 0, 0, 0, 0, 0], [0, 0, 0, 0, 0, 0, 0, 0], [0, 0, 0, 0, 0, 0, 0, 0]]",,https://drive.google.com/uc?export=view&id=1cZyD7qzr77iGsIbOTc4tWYkYayNgak7J
203,ワイドローラーコラボ,9,4,コモン,メインウェポン,2023夏 Sizzle Season,"[[0, 0, 0, 0, 0, 0, 0, 0], [0, 0, 0, 0, 0, 0, 0, 0], [0, 1, 1, 2, 1, 0, 0, 0], [0, 0, 0, 1, 1, 0, 0, 0], [0, 0, 0, 0, 1, 0, 0, 0], [0, 0, 0, 0, 0, 0, 0, 0], [0, 0, 0, 0, 0, 0, 0, 0], [0, 0, 0, 0, 0, 0, 0, 0]]",,https://drive.google.com/uc?export=view&id=17FhXztcfwo_7DGFRNWKHVDiMOkqfaGPU
204,フィンセント,10,4,コモン,メインウェポン,2023夏 Sizzle Season,"[[0, 0, 0, 0, 0, 0, 0, 0], [0, 0, 0, 0, 1, 0, 0, 0], [0, 0, 0, 0, 1, 2, 0, 0], [0, 0, 0, 0, 1, 1, 1, 0], [0, 0, 1, 1, 0, 0, 0, 0], [0, 0, 1, 0, 0, 0, 0, 0], [0, 1, 0, 0, 0, 0, 0, 0], [0, 0, 0, 0, 0, 0, 0, 0]]",,"https://drive.google.com/uc?export=view&id=1LBwsNdfmtSLaoaCcinYLxQ17aIH1E7LV
"
205,キャンピングシェルターソレーラ,12,5,コモン,メインウェポン,2023夏 Sizzle Season,"[[0, 0, 0, 0, 0, 0, 0, 0], [0, 0, 0, 1, 1, 0, 0, 0], [0, 0, 1, 1, 0, 0, 0, 0], [0, 0, 1, 2, 1, 0, 0, 0], [0, 0, 1, 1, 0, 1, 0, 0], [0, 0, 0, 1, 1, 0, 0, 0], [0, 0, 0, 0, 0, 0, 0, 0], [0, 0, 0, 0, 0, 0, 0, 0]]",,"https://drive.google.com/uc?export=view&id=1u5SL_lEKg-d1afGd2_Hg6ETI5Ifbexuv
"
206,バレルスピナーデコ,12,5,コモン,メインウェポン,2023夏 Sizzle Season,"[[0, 0, 0, 0, 0, 0, 0, 0], [0, 0, 0, 0, 1, 1, 0, 0], [0, 0, 0, 0, 1, 1, 0, 0], [0, 0, 0, 0, 1, 1, 0, 0], [0, 0, 0, 1, 1, 0, 0, 0], [0, 0, 2, 1, 0, 0, 0, 0], [0, 1, 1, 0, 0, 0, 0, 0], [0, 0, 0, 0, 0, 0, 0, 0]]",,https://drive.google.com/uc?export=view&id=1aLJlTfyjjBAKpPP61wLpfROcbORBd_xB
207,クアッドホッパーホワイト,8,3,コモン,メインウェポン,2023夏 Sizzle Season,"[[0, 0, 0, 0, 0, 0, 0, 0], [0, 0, 0, 0, 0, 0, 0, 0], [0, 0, 1, 2, 1, 0, 0, 0], [0, 0, 1, 1, 0, 1, 0, 0], [0, 0, 0, 1, 1, 0, 0, 0], [0, 0, 0, 0, 0, 0, 0, 0], [0, 0, 0, 0, 0, 0, 0, 0], [0, 0, 0, 0, 0, 0, 0, 0]]",,https://drive.google.com/uc?export=view&id=18IO3BsGPgwPy-uJ08ptI7yw-RTOvomw0
208,デュアルスイーパーカスタム,10,4,コモン,メインウェポン,2023夏 Sizzle Season,"[[0, 0, 0, 0, 0, 0, 0, 0], [0, 0, 0, 0, 0, 0, 0, 0], [0, 0, 0, 0, 1, 1, 0, 0], [0, 1, 1, 1, 1, 1, 0, 0], [0, 0, 0, 0, 0, 2, 0, 0], [0, 0, 0, 0, 1, 1, 0, 0], [0, 0, 0, 0, 0, 0, 0, 0], [0, 0, 0, 0, 0, 0, 0, 0]]",,"https://drive.google.com/uc?export=view&id=1pYirHzbStGGl5S0PlVr0MnVeaFrWbnMF
"
209,ドライブワイパーデコ,5,2,コモン,メインウェポン,2023夏 Sizzle Season,"[[0, 0, 0, 0, 0, 0, 0, 0], [0, 0, 0, 1, 0, 0, 0, 0], [0, 0, 0, 2, 0, 0, 0, 0], [0, 0, 0, 1, 0, 0, 0, 0], [0, 0, 0, 1, 0, 0, 0, 0], [0, 0, 0, 1, 0, 0, 0, 0], [0, 0, 0, 0, 0, 0, 0, 0], [0, 0, 0, 0, 0, 0, 0, 0]]",,https://drive.google.com/uc?export=view&id=1jBKX4VX6SC7T1oCSFQvRE0674DkbK7h-